trace_file,getpid,getegid,getxattr,setuid,rename,kill,epoll_ctl,fdatasync,fsetxattr,capset,sysinfo,capget,write,faccessat2,connect,dup,arch_prctl,pwrite64,statx,wait4,getrusage,utimensat,getpeername,linkat,getppid,getpgrp,sendto,recvfrom,fstat,socketpair,madvise,fchmodat,gettid,clock_nanosleep,clone3,copy_file_range,fchmod,times,recvmsg,openat,umask,getrandom,getuid,poll,socket,statfs,io_uring_enter,epoll_create1,ftruncate,timerfd_settime,access,eventfd2,fgetxattr,fadvise64,getcwd,prctl,setsockopt,getresuid,getsockname,getgroups,creat,read,newfstatat,getgid,fchown,sigaltstack,symlinkat,epoll_pwait,sendmsg,futex,dup2,epoll_pwait2,llistxattr,set_robust_list,sched_getaffinity,fcntl,setxattr,rt_sigaction,rmdir,geteuid,sched_getscheduler,rt_sigprocmask,mmap,chmod,bind,fstatfs,setitimer,lseek,pread64,ppoll,execve,getresgid,pipe2,brk,io_uring_setup,chdir,rseq,pselect6,ioctl,prlimit64,membarrier,set_tid_address,unlinkat,syscall_-1,renameat2,mprotect,getdents64,mkdir,unlink,open,clone,close,munmap,sync,uname,epoll_wait,fchdir,flock,readlink,getsockopt,fsync,timerfd_create,userspace_ms,total_ms,wall_time_s
cpu_intensive_1.csv,0.000,0.000,0.000,0.000,0.000,0.000,0.000,0.000,0.000,0.000,0.000,0.000,62.479,0.000,0.000,0.000,0.001,0.000,0.000,0.000,0.000,0.000,0.000,0.000,0.000,0.000,0.000,0.000,0.006,0.000,0.000,0.000,0.000,0.000,0.000,0.000,0.000,0.000,0.000,0.023,0.000,0.002,0.000,0.000,0.000,0.000,0.000,0.000,0.000,0.000,0.005,0.000,0.000,0.000,0.000,0.000,0.000,0.000,0.000,0.000,0.000,32.090,0.000,0.000,0.000,0.000,0.000,0.000,0.000,0.000,0.000,0.000,0.000,0.001,0.000,0.000,0.000,0.000,0.000,0.000,0.000,0.000,0.063,0.000,0.000,0.000,0.000,0.000,0.003,0.000,0.246,0.000,0.000,0.001,0.000,0.000,0.001,0.000,0.000,0.001,0.000,0.001,0.000,0.000,0.000,0.022,0.000,0.000,0.000,0.000,0.000,0.011,0.010,0.000,0.000,0.000,0.000,0.000,0.000,0.000,0.000,0.000,5138.322,5233.287,5.233439
cpu_intensive_10.csv,0.004,0.000,0.000,0.000,0.000,0.000,0.000,0.009,0.000,0.000,0.000,0.000,0.023,0.000,0.000,0.000,0.001,0.126,0.000,0.000,0.000,0.000,0.000,0.000,0.000,0.000,0.000,0.000,0.053,0.000,0.000,0.000,0.000,0.000,0.000,0.000,0.000,0.000,0.000,0.203,0.000,0.002,0.001,0.000,0.000,0.000,0.000,0.000,0.000,0.000,0.020,0.000,0.000,0.000,0.000,0.000,0.000,0.000,0.000,0.000,0.000,0.023,0.090,0.000,0.015,0.000,0.000,0.000,0.000,0.000,0.000,0.000,0.000,0.000,0.000,0.049,0.000,0.001,0.000,0.002,0.000,0.000,0.152,0.000,0.000,0.000,0.000,0.002,0.016,0.000,0.225,0.000,0.000,0.013,0.000,0.000,0.001,0.000,0.006,0.001,0.000,0.001,0.000,0.000,0.000,0.048,0.000,0.000,0.055,0.000,0.000,0.023,0.010,0.000,0.000,0.000,0.000,0.000,0.000,0.000,0.000,0.000,33.855,35.030,0.035366
cpu_intensive_11.csv,0.003,0.001,0.000,0.000,0.000,0.000,0.000,0.000,0.000,0.000,0.000,0.000,2.107,0.000,0.000,0.000,0.001,0.000,0.000,0.000,0.000,0.000,0.001,0.000,0.003,0.001,0.000,0.000,0.043,0.000,0.000,0.000,0.000,0.000,0.000,0.000,0.000,0.000,0.000,0.147,0.000,0.002,0.001,0.000,0.000,0.000,0.000,0.000,0.000,0.000,0.011,0.000,0.000,0.000,0.004,0.000,0.000,0.001,0.000,0.000,0.000,0.038,0.020,0.001,0.000,0.000,0.000,0.000,0.000,0.003,0.000,0.000,0.000,0.001,0.000,0.000,0.000,0.009,0.000,0.001,0.000,0.003,0.286,0.000,0.000,0.000,0.000,0.000,0.003,0.000,0.227,0.001,0.000,4.707,0.000,0.000,0.013,0.000,0.005,0.003,0.000,0.011,0.000,0.000,0.000,0.031,0.025,0.000,0.000,0.000,0.000,0.024,0.150,0.000,0.002,0.000,0.000,0.000,0.000,0.000,0.000,0.000,2747.207,2755.096,2.755200
cpu_intensive_12.csv,0.000,0.001,0.000,0.000,0.000,0.000,0.000,0.000,0.000,0.000,0.000,0.000,0.031,0.000,0.000,0.000,0.001,0.000,0.000,0.000,0.000,0.000,0.000,0.000,0.000,0.000,0.000,0.000,0.055,0.000,0.000,0.000,0.001,0.000,0.000,0.000,0.000,0.000,0.000,0.250,0.000,0.006,0.001,0.000,0.000,0.000,0.000,0.000,0.000,0.000,0.014,0.000,0.000,0.000,0.004,0.000,0.000,0.000,0.000,0.000,0.000,0.104,0.184,0.001,0.000,0.000,0.000,0.000,0.000,0.003,0.000,0.000,0.000,0.001,0.000,0.005,0.000,0.040,0.000,0.001,0.000,0.004,0.230,0.000,0.000,0.000,0.000,0.019,0.003,0.000,0.215,0.000,0.000,0.067,0.000,0.000,0.001,0.000,0.101,0.001,0.000,0.001,0.000,0.000,0.000,0.030,0.167,0.000,0.000,0.013,0.000,0.062,0.058,0.000,0.000,0.000,0.000,0.000,0.006,0.000,0.000,0.000,143.450,145.128,0.145279
cpu_intensive_13.csv,0.003,0.001,0.000,0.000,0.000,0.000,0.000,0.000,0.000,0.000,0.000,0.000,0.814,0.000,0.000,0.000,0.088,0.000,0.000,2403.218,0.000,0.000,0.001,0.000,0.003,0.001,0.000,0.000,2.947,0.000,0.000,0.000,0.000,0.000,0.000,0.000,0.000,0.000,0.000,18.986,0.000,0.160,0.001,0.000,0.000,0.000,0.000,0.000,0.000,0.000,0.637,0.000,0.000,0.131,0.003,0.000,0.000,0.002,0.000,0.000,0.000,4.658,0.026,0.001,0.000,0.000,0.000,0.000,0.000,0.291,0.166,0.000,0.000,0.118,0.000,0.357,0.000,0.011,0.000,0.002,0.000,0.340,14.823,0.000,0.000,0.003,0.000,0.000,0.275,0.000,24.627,0.001,0.000,1.274,0.000,0.000,0.099,0.000,0.012,0.132,0.000,0.095,0.000,0.000,0.000,1.953,2.279,0.000,0.000,0.000,13.983,2.842,3.193,0.000,0.004,0.000,0.190,0.000,0.000,0.000,0.000,0.000,2557.032,5055.782,2.746832
cpu_intensive_14.csv,0.000,0.000,0.000,0.000,0.000,0.000,0.000,0.000,0.000,0.000,0.000,0.000,0.012,0.000,0.000,0.000,0.006,0.000,0.000,0.023,0.000,0.000,0.000,0.000,0.000,0.000,0.000,0.000,0.051,0.000,0.000,0.000,0.000,0.000,0.000,0.000,0.000,0.000,0.000,0.160,0.001,0.002,0.000,0.000,0.000,0.000,0.000,0.000,0.000,0.000,0.004,0.000,0.000,0.000,0.000,0.000,0.000,0.000,0.000,0.000,0.000,2.183,0.013,0.000,0.000,0.000,0.000,0.000,0.000,0.003,0.002,0.000,0.000,0.001,0.000,0.003,0.000,0.003,0.000,0.001,0.000,0.003,0.187,0.000,0.000,0.000,0.000,0.000,0.004,0.000,0.154,0.000,0.020,0.014,0.000,0.000,0.003,0.000,0.000,0.001,0.000,0.001,0.000,0.000,0.000,0.039,0.020,0.000,0.000,0.000,0.234,0.040,0.012,0.000,0.000,0.000,0.000,0.000,0.000,0.000,0.000,0.000,31.503,34.702,0.032964
cpu_intensive_15.csv,0.000,0.000,0.000,0.000,0.000,0.000,0.000,0.000,0.000,0.000,0.000,0.000,0.065,0.000,0.000,0.000,0.001,0.000,0.000,0.000,0.000,0.000,0.000,0.000,0.000,0.000,0.000,0.000,0.028,0.000,0.000,0.000,0.000,0.000,0.000,0.000,0.000,0.000,0.000,0.134,0.000,0.002,0.000,0.000,0.000,0.000,0.000,0.000,0.000,0.000,0.009,0.000,0.000,0.000,0.003,0.000,0.000,0.000,0.000,0.000,0.000,4607.918,0.006,0.000,0.000,0.000,0.000,0.000,0.000,0.005,0.000,0.000,0.000,0.001,0.000,0.000,0.000,0.000,0.000,0.000,0.000,0.000,0.196,0.000,0.000,0.000,0.000,0.000,0.003,0.000,0.173,0.000,0.000,0.025,0.000,0.000,0.001,0.000,0.004,0.001,0.000,0.001,0.000,0.000,0.000,0.039,0.015,0.000,0.000,0.000,0.000,0.022,0.014,0.000,0.000,0.000,0.000,0.000,0.029,0.000,0.000,0.000,421.804,5030.498,5.030602
cpu_intensive_16.csv,0.003,0.001,0.000,0.000,0.000,0.000,0.000,0.000,0.000,0.000,0.000,0.000,0.029,0.000,0.000,0.000,0.001,0.000,0.000,0.000,0.000,0.000,0.001,0.000,0.002,0.001,0.000,0.000,0.045,0.000,0.000,0.000,0.000,0.000,0.000,0.000,0.000,0.000,0.000,0.187,0.000,0.003,0.001,0.000,0.000,0.000,0.000,0.000,0.000,0.000,0.009,0.000,0.000,0.000,0.005,0.000,0.000,0.002,0.000,0.000,0.000,0.044,0.022,0.001,0.000,0.000,0.000,0.000,0.000,0.003,0.000,0.000,0.000,0.001,0.000,0.000,0.000,0.009,0.000,0.001,0.000,0.002,0.245,0.000,0.000,0.000,0.000,0.000,0.006,0.000,0.163,0.001,0.000,0.579,0.000,0.000,0.001,0.000,0.006,0.003,0.000,0.001,0.000,0.000,0.000,0.036,0.038,0.000,0.000,0.000,0.000,0.041,0.105,0.000,0.002,0.000,0.000,0.000,0.000,0.000,0.000,0.000,309.518,311.119,0.311221
cpu_intensive_17.csv,0.000,0.000,0.000,0.000,0.000,0.000,0.000,0.000,0.000,0.000,0.000,0.000,34.134,0.000,0.000,0.000,0.001,0.000,0.000,0.000,0.000,0.000,0.000,0.000,0.000,0.000,0.000,0.000,0.024,0.000,0.000,0.000,0.000,0.000,0.000,0.000,0.000,0.000,0.000,0.167,0.000,0.002,0.000,0.000,0.000,0.000,0.000,0.000,0.000,0.000,0.006,0.000,0.000,0.000,0.000,0.000,0.000,0.000,0.000,0.000,0.000,5.504,0.000,0.000,0.000,0.000,0.000,0.000,0.000,0.002,0.003,0.000,0.000,0.001,0.000,0.000,0.000,0.003,0.000,0.000,0.000,0.000,0.130,0.000,0.000,0.000,0.000,0.001,0.003,0.000,0.213,0.000,0.000,0.052,0.000,0.000,0.005,0.000,0.000,0.001,0.000,0.001,0.000,0.000,0.000,0.021,0.020,0.000,0.000,0.000,0.000,0.037,0.011,0.000,0.000,0.000,0.000,0.000,0.000,0.000,0.000,0.000,58.933,99.275,0.099417
cpu_intensive_18.csv,0.000,0.000,0.000,0.000,0.000,0.000,0.000,0.000,0.000,0.000,0.000,0.000,0.133,0.000,0.000,0.000,0.001,0.000,0.000,0.000,0.000,0.000,0.000,0.000,0.000,0.000,0.000,0.000,0.020,0.000,0.000,0.000,0.000,0.000,0.000,0.000,0.000,0.000,0.000,0.135,0.000,0.002,0.000,0.000,0.000,0.000,0.000,0.000,0.000,0.000,0.007,0.000,0.000,0.000,0.000,0.000,0.000,0.000,0.000,0.000,0.000,16.699,0.000,0.000,0.000,0.000,0.000,0.000,0.000,0.001,0.002,0.000,0.000,0.001,0.000,0.000,0.000,0.003,0.000,0.000,0.000,0.000,0.125,0.000,0.000,0.000,0.000,0.001,0.003,0.000,0.197,0.000,0.000,0.011,0.000,0.000,0.001,0.000,0.000,0.001,0.000,0.001,0.000,0.000,0.000,0.017,0.017,0.000,0.000,0.000,0.000,0.037,0.010,0.000,0.000,0.000,0.000,0.000,0.000,0.000,0.000,0.000,54.125,71.549,0.071837
cpu_intensive_2.csv,0.004,0.002,0.000,0.000,0.000,0.000,0.000,0.000,0.000,0.000,0.000,0.000,69.394,0.000,0.000,0.000,0.002,0.000,0.000,0.000,0.000,0.000,0.000,0.000,0.010,0.001,0.000,0.000,0.046,0.000,0.000,0.000,0.000,0.000,0.000,0.000,0.000,0.000,0.000,0.315,0.000,0.006,0.002,0.000,0.000,0.000,0.000,0.000,0.000,0.000,0.028,0.000,0.000,0.000,0.007,0.000,0.000,0.001,0.000,0.000,0.000,21.325,0.041,0.002,0.000,0.000,0.000,0.000,0.000,0.003,0.008,0.000,0.000,0.002,0.000,0.017,0.000,0.028,0.000,0.002,0.000,0.010,0.337,0.000,0.000,0.000,0.000,0.005,0.006,0.000,0.705,0.002,0.000,0.039,0.000,0.000,0.002,0.000,0.010,0.007,0.000,0.003,0.000,0.000,0.000,0.062,0.028,0.000,0.000,0.000,0.000,0.071,0.032,0.000,0.003,0.000,0.000,0.000,0.000,0.000,0.000,0.000,984.310,1076.876,1.077419
cpu_intensive_3.csv,0.000,0.000,0.000,0.000,0.000,0.000,0.000,0.000,0.000,0.000,0.000,0.000,0.018,0.000,0.000,0.000,0.001,0.000,0.000,0.000,0.000,0.000,0.000,0.000,0.000,0.000,0.000,0.000,0.049,0.000,0.000,0.000,0.000,0.000,0.000,0.000,0.000,0.000,0.000,0.289,0.000,0.003,0.000,0.000,0.000,0.000,0.000,0.000,0.000,0.000,0.008,0.000,0.000,0.002,0.000,0.000,0.000,0.000,0.000,0.000,0.000,26.960,0.000,0.000,0.000,0.000,0.000,0.000,0.000,0.004,0.000,0.000,0.000,0.001,0.000,0.000,0.000,0.000,0.000,0.000,0.000,0.000,0.305,0.000,0.000,0.000,0.000,0.000,0.004,0.000,0.269,0.000,0.000,0.017,0.000,0.000,0.002,0.000,0.000,0.002,0.000,0.001,0.000,0.000,0.000,0.064,0.033,0.000,0.000,0.000,0.000,0.059,0.016,0.000,0.000,0.000,0.000,0.000,0.000,0.000,0.000,0.000,897.660,925.769,0.926112
cpu_intensive_4.csv,0.000,0.000,0.000,0.000,0.000,0.000,0.000,0.000,0.000,0.000,0.000,0.000,0.020,0.000,0.000,0.000,0.001,0.000,0.000,0.000,0.000,0.000,0.000,0.000,0.000,0.000,0.000,0.000,0.033,0.000,0.000,0.000,0.000,0.000,0.000,0.000,0.000,0.000,0.000,0.144,0.000,0.003,0.000,0.000,0.000,0.000,0.000,0.000,0.000,0.000,0.004,0.000,0.000,0.002,0.000,0.000,0.000,0.000,0.000,0.000,0.000,30.203,0.000,0.000,0.000,0.000,0.000,0.000,0.000,0.003,0.000,0.000,0.000,0.001,0.000,0.000,0.000,0.000,0.000,0.000,0.000,0.000,0.177,0.000,0.000,0.000,0.000,0.000,0.003,0.000,0.169,0.000,0.000,0.014,0.000,0.000,0.001,0.000,0.000,0.002,0.000,0.001,0.000,0.000,0.000,0.051,0.034,0.000,0.000,0.000,0.000,0.035,0.014,0.000,0.000,0.000,0.000,0.000,0.000,0.000,0.000,0.000,663.061,693.977,0.694079
cpu_intensive_5.csv,0.000,0.000,0.000,0.000,0.000,0.000,0.000,0.000,0.000,0.000,0.000,0.000,71.091,0.000,0.000,0.000,0.001,0.000,0.000,0.000,0.000,0.000,0.000,0.000,0.000,0.000,0.000,0.000,0.056,0.000,0.000,0.000,0.000,0.000,0.000,0.000,0.000,0.000,0.000,0.357,0.000,0.003,0.000,0.000,0.000,0.000,0.000,0.000,0.000,0.000,0.007,0.000,0.000,0.000,0.000,0.000,0.000,0.000,0.000,0.000,0.000,2.230,0.018,0.000,0.000,0.003,0.000,0.000,0.000,0.003,0.000,0.000,0.000,0.001,0.000,0.008,0.000,0.002,0.000,0.000,0.000,0.000,0.287,0.000,0.000,0.000,0.000,0.074,0.003,0.000,0.217,0.000,0.000,0.025,0.000,0.000,0.001,0.000,0.000,0.002,0.000,0.001,0.000,0.000,0.000,0.040,0.110,0.000,0.000,0.000,0.000,0.080,0.113,0.000,0.000,0.000,0.000,0.000,0.000,0.000,0.000,0.000,90.138,164.872,0.164976
cpu_intensive_6.csv,0.001,0.000,0.000,0.000,0.000,0.000,0.000,0.000,0.000,0.000,0.000,0.000,0.021,0.000,0.000,0.000,0.001,0.000,0.000,0.000,0.000,0.000,0.000,0.000,0.002,0.002,0.000,0.000,0.234,0.000,0.000,0.000,0.000,0.000,0.000,0.000,0.000,0.000,0.000,1.079,0.000,0.004,0.001,0.000,0.000,0.000,0.000,0.000,0.000,0.000,0.006,0.000,0.000,0.000,0.000,0.000,0.000,0.000,0.000,0.002,0.000,0.931,0.000,0.001,0.000,0.000,0.000,0.000,0.000,0.004,0.000,0.000,0.000,0.001,0.000,0.143,0.000,0.006,0.000,0.002,0.000,0.000,0.371,0.000,0.000,0.000,0.000,0.000,0.004,0.000,0.265,0.000,0.000,0.041,0.000,0.000,0.001,0.000,0.087,0.002,0.000,0.001,0.000,0.000,0.000,0.069,0.049,0.000,0.000,0.000,0.000,0.295,0.020,0.000,0.000,0.000,0.000,0.000,0.000,0.000,0.000,0.000,163.482,167.127,0.167243
cpu_intensive_7.csv,0.000,0.000,0.000,0.000,0.000,0.000,0.000,0.000,0.000,0.000,0.010,0.000,0.169,0.006,0.000,0.000,0.005,0.000,0.000,239.988,0.072,0.000,0.000,0.000,0.000,0.000,0.000,0.000,0.336,0.000,0.000,0.000,0.000,0.000,478.078,0.000,0.000,0.000,0.000,1.693,0.001,0.020,0.000,0.000,0.000,0.000,0.000,0.000,0.000,0.000,0.158,0.000,0.000,0.000,0.008,0.000,0.000,0.000,0.000,0.000,0.000,1.881,0.409,0.000,0.000,0.000,0.000,0.000,0.000,0.014,0.000,0.000,0.000,0.004,0.000,0.042,0.000,0.028,0.000,0.000,0.000,0.027,1.235,0.008,0.000,0.000,0.000,0.702,0.016,0.000,0.930,0.000,0.000,0.556,0.000,0.000,0.005,0.000,0.056,0.017,0.000,0.007,0.000,0.000,0.000,0.276,0.143,0.000,0.060,0.000,0.000,0.321,0.326,0.000,0.000,0.000,0.000,0.000,1.420,0.000,0.000,0.000,508.901,1237.930,0.523722
cpu_intensive_8.csv,0.000,0.000,0.000,0.000,0.000,0.000,0.000,0.000,0.000,0.000,0.005,0.000,0.524,0.000,0.000,0.000,0.001,0.000,0.000,0.000,0.000,0.000,0.000,0.000,0.000,0.000,0.000,0.000,0.045,0.000,0.000,0.000,0.000,0.000,0.000,0.000,0.000,0.000,0.000,0.203,0.000,0.002,0.001,0.000,0.000,0.000,0.000,0.000,0.000,0.000,0.008,0.000,0.000,0.002,0.000,0.000,0.000,0.000,0.000,0.000,0.000,0.459,0.014,0.001,0.000,0.000,0.000,0.000,0.000,0.003,0.000,0.000,0.000,0.001,0.004,0.007,0.000,0.016,0.000,0.001,0.001,0.000,0.165,0.000,0.000,0.000,0.000,0.000,0.003,0.000,0.301,0.000,0.000,0.014,0.000,0.000,0.001,0.000,0.000,0.004,0.000,0.001,0.000,0.000,0.000,0.026,0.035,0.000,0.000,0.000,0.000,0.041,0.101,0.000,0.000,0.000,0.000,0.000,0.000,0.000,0.000,0.000,100.429,102.416,0.102562
cpu_intensive_9.csv,0.002,0.000,0.000,0.000,0.000,0.000,0.000,0.000,0.000,0.000,0.004,0.000,0.038,0.000,0.000,0.000,0.002,0.000,0.000,0.000,0.000,0.000,0.000,0.000,0.000,0.000,0.000,0.000,0.100,0.000,0.000,0.000,0.000,0.000,0.000,0.000,0.000,0.023,0.000,0.558,0.000,0.003,0.000,0.000,0.000,0.000,0.000,0.000,0.000,0.000,0.012,0.000,0.000,0.000,0.004,0.000,0.000,0.000,0.000,0.000,0.000,0.161,0.130,0.000,0.000,0.000,0.000,0.000,0.000,0.070,0.000,0.000,0.000,0.001,0.005,0.000,0.000,0.007,0.000,0.000,0.000,0.012,1.169,0.000,0.000,0.000,0.000,0.010,0.005,0.000,0.271,0.000,0.000,0.057,0.000,0.000,0.001,0.000,0.000,0.024,0.000,0.002,0.000,0.000,0.000,0.255,0.026,0.000,0.000,0.000,0.000,0.085,0.428,0.000,0.000,0.000,0.000,0.000,0.049,0.000,0.000,0.000,221.084,224.595,0.224749
io_intensive_1.csv,0.000,0.000,0.000,0.000,0.000,0.000,0.000,0.000,0.000,0.000,0.000,0.000,167.478,0.000,0.000,0.000,0.001,0.000,0.000,0.000,0.000,0.000,0.000,0.000,0.000,0.000,0.000,0.000,0.018,0.000,0.000,0.000,0.000,0.000,0.000,0.000,0.000,0.000,0.000,0.135,0.000,0.001,0.000,0.000,0.000,0.000,0.000,0.000,0.000,0.000,0.003,0.000,0.000,0.000,0.000,0.000,0.000,0.000,0.000,0.000,0.000,23.649,0.000,0.000,0.000,0.000,0.000,0.000,0.000,0.002,0.002,0.000,0.000,0.000,0.000,0.000,0.000,0.002,0.000,0.000,0.000,0.000,0.093,0.000,0.000,0.000,0.000,0.001,0.002,0.000,0.135,0.000,0.000,0.014,0.000,0.000,0.000,0.000,0.000,0.001,0.000,0.001,0.000,0.000,0.000,0.014,0.022,0.000,0.000,0.000,0.000,0.029,0.007,0.000,0.000,0.000,0.000,0.000,0.000,0.000,0.000,0.000,163.819,355.430,0.355539
io_intensive_10.csv,0.001,0.000,0.000,0.000,0.000,0.000,0.054,0.000,0.000,0.000,0.000,0.000,85.916,0.000,0.070,0.000,0.001,0.000,1.854,0.000,0.000,0.000,0.000,0.000,0.000,0.000,0.029,0.033,0.031,0.000,0.000,0.000,0.000,0.000,0.000,0.000,0.000,0.000,0.000,0.169,0.000,0.004,0.000,0.000,0.033,0.000,0.000,0.005,0.000,0.007,0.003,0.000,0.000,0.000,0.000,0.003,0.000,0.000,0.000,0.000,0.000,0.051,0.014,0.000,0.000,0.000,0.000,0.000,0.000,0.004,0.000,0.031,1.696,0.000,0.000,0.000,0.000,0.000,0.000,0.000,0.000,0.012,0.229,0.000,0.000,0.000,0.000,0.009,0.002,0.000,0.154,0.000,0.000,0.077,0.000,0.000,0.001,0.000,0.004,0.001,0.000,0.001,0.000,0.000,0.000,0.036,0.281,0.000,0.000,0.000,0.000,0.085,0.050,0.000,0.000,1.965,0.000,0.000,0.000,0.000,0.000,0.004,292.291,385.211,0.385279
io_intensive_11.csv,0.000,0.000,0.000,0.000,0.000,0.000,0.000,0.000,0.000,0.000,0.000,0.000,21.773,0.000,0.000,0.000,0.000,0.000,0.000,0.000,0.000,0.000,0.000,0.000,0.000,0.000,0.000,0.000,0.014,0.000,0.000,0.000,0.000,0.000,0.000,0.000,0.000,0.000,0.000,0.065,0.000,0.001,0.000,0.000,0.000,0.000,0.000,0.000,0.000,0.000,0.002,0.000,0.000,0.000,0.000,0.000,0.000,0.000,0.000,0.000,0.000,0.017,0.004,0.000,0.000,0.000,0.000,0.000,0.000,0.001,0.000,0.000,0.000,0.000,0.000,0.002,0.000,0.000,0.000,0.000,0.000,0.000,0.065,0.000,0.000,0.002,0.000,0.000,0.001,0.000,0.084,0.000,0.000,0.055,0.000,0.000,0.001,0.000,0.004,0.000,0.000,0.000,0.000,0.000,0.000,0.013,0.178,0.000,0.000,0.000,0.000,0.021,0.004,0.000,0.001,0.000,0.003,0.000,0.000,0.000,0.000,0.000,78.695,101.006,0.101077
io_intensive_12.csv,0.357,0.001,0.000,0.000,0.000,0.000,0.000,0.000,0.000,0.000,0.000,0.000,0.000,0.000,0.000,0.000,0.248,0.000,0.000,7698.948,0.000,0.000,0.001,0.000,0.001,0.000,0.000,0.000,7.710,0.000,0.000,0.000,0.000,0.000,0.000,0.000,0.000,0.000,0.000,42.515,0.000,0.448,0.001,0.000,0.000,0.000,0.000,0.000,0.000,0.000,1.507,0.000,0.000,0.000,0.002,0.000,0.000,0.001,0.000,0.000,0.000,11.241,0.026,0.001,0.000,0.000,0.000,0.000,0.000,0.713,0.460,0.000,0.000,0.421,0.000,0.000,0.000,1.980,0.000,0.251,0.000,2.773,50.080,0.000,0.000,0.000,0.000,0.000,0.831,0.000,57.830,0.000,0.000,3.006,0.000,0.000,0.270,0.000,1.950,0.358,0.000,0.258,0.000,0.570,6.720,9.699,9.710,0.000,0.000,0.000,26.292,8.348,3.107,0.000,0.001,0.000,0.000,0.000,0.000,0.000,0.000,0.000,8069.935,16018.574,8.431213
io_intensive_13.csv,0.357,0.001,0.000,0.000,0.000,0.000,0.000,0.000,0.000,0.000,0.000,0.000,0.000,0.000,0.000,0.000,0.355,0.000,0.000,8322.197,0.000,0.000,0.001,0.000,0.001,0.001,0.000,0.000,9.318,0.000,0.000,0.000,0.000,0.000,0.000,0.000,0.000,0.000,0.000,53.823,0.000,0.636,0.001,0.000,0.000,0.000,0.000,0.000,0.000,0.000,2.347,0.000,0.000,0.000,0.002,0.000,0.000,0.000,0.000,0.000,0.000,12.651,2.976,0.001,0.000,0.000,0.000,0.000,0.000,0.938,0.695,0.000,0.000,0.491,0.000,0.000,0.000,2.282,0.000,0.305,0.000,3.335,48.199,0.000,0.000,0.000,0.000,0.000,1.064,0.000,71.056,0.000,0.000,4.660,0.000,0.000,0.346,0.000,2.713,0.469,0.000,0.357,11.819,0.606,0.000,9.804,8.064,0.000,0.000,0.000,35.932,11.008,4.253,0.000,0.001,0.000,0.000,0.000,0.000,0.000,0.000,0.000,8748.045,17371.108,9.185374
io_intensive_14.csv,0.000,0.000,0.000,0.000,0.000,0.000,0.000,0.000,0.000,0.000,0.000,0.000,0.000,0.000,0.000,0.000,0.001,0.000,0.000,0.000,0.000,0.000,0.000,0.000,0.000,0.000,0.000,0.000,0.043,0.000,0.000,0.000,0.000,0.000,0.000,657.395,0.000,0.000,0.000,0.253,0.000,0.002,0.000,0.000,0.000,0.000,0.000,0.000,0.000,0.000,0.008,0.000,0.000,0.002,0.000,0.000,0.000,0.000,0.000,0.000,0.000,0.043,0.005,0.000,0.000,0.000,0.000,0.000,0.000,0.002,0.000,0.000,0.000,0.001,0.000,0.000,0.000,0.000,0.000,0.001,0.000,0.000,0.285,0.000,0.000,0.000,0.000,0.000,0.012,0.000,0.185,0.000,0.000,0.018,0.000,0.000,0.001,0.000,0.003,0.001,0.000,0.001,0.000,0.000,0.000,0.053,0.029,0.000,0.000,0.000,0.000,0.057,0.013,0.000,0.000,0.000,0.000,0.000,0.000,0.000,0.000,0.000,28.554,686.969,0.687078
io_intensive_15.csv,0.002,0.000,0.000,0.000,0.000,0.006,0.000,0.000,0.000,0.000,0.000,0.000,310.310,0.000,0.000,0.000,0.001,0.000,0.000,0.002,0.000,0.000,0.000,0.000,0.000,0.000,0.000,0.000,0.020,0.021,0.000,0.000,0.000,214.840,0.000,0.000,0.002,0.000,0.000,0.130,0.001,0.003,0.000,0.000,0.000,0.000,0.000,0.000,0.000,0.000,0.004,0.000,0.000,0.000,0.012,0.003,0.000,0.000,0.000,0.000,0.000,120.407,0.023,0.000,0.000,0.000,0.000,0.000,0.000,0.021,0.002,0.000,0.000,0.001,0.000,0.007,0.000,0.009,0.000,0.000,0.000,0.005,0.273,0.000,0.000,0.000,0.000,0.002,0.001,0.000,0.090,0.000,0.000,0.015,0.000,0.005,0.000,15942.983,0.000,0.001,0.000,0.001,0.000,0.000,0.000,0.058,0.010,0.000,13.059,0.000,0.166,0.027,0.021,0.000,0.000,0.000,0.000,0.000,0.000,0.000,0.000,0.000,7400.479,24003.021,8.024182
io_intensive_16.csv,0.000,0.000,0.000,0.000,0.000,0.000,0.000,0.000,0.000,0.000,0.000,0.000,0.000,0.000,0.000,0.000,0.000,0.000,0.000,0.000,0.000,0.000,0.000,0.000,0.000,0.000,0.000,0.000,0.013,0.000,0.000,0.000,0.000,0.000,0.000,0.000,0.000,0.000,0.000,0.089,0.000,0.001,0.000,0.000,0.000,0.000,0.000,0.000,0.000,0.000,0.002,0.000,0.000,0.000,0.000,0.000,0.000,0.000,0.000,0.000,0.000,0.019,0.000,0.000,0.000,0.000,0.000,0.000,0.000,0.001,0.000,0.000,0.000,0.000,0.000,0.000,0.000,0.000,0.000,0.000,0.000,0.000,0.062,0.000,0.000,0.000,0.000,0.000,0.001,0.000,0.086,0.000,0.000,0.010,0.000,0.000,0.000,0.000,0.000,0.002,0.000,0.000,0.000,0.000,0.000,0.008,0.013,0.000,0.000,0.000,0.000,0.015,0.009,98.937,0.000,0.000,0.000,0.000,0.000,0.000,0.000,0.000,10.883,110.154,0.110210
io_intensive_17.csv,0.002,0.001,0.000,0.000,0.000,0.000,0.000,0.000,0.000,0.000,0.000,0.000,16.998,0.000,0.000,0.000,0.001,0.000,0.000,0.000,0.000,0.000,0.001,0.000,0.001,0.000,0.000,0.000,0.036,0.000,0.000,0.000,0.000,0.000,0.000,0.000,0.000,0.000,0.000,0.169,0.000,0.002,0.001,0.000,0.000,0.000,0.000,0.000,0.000,0.000,0.009,0.000,0.000,0.000,0.002,0.000,0.000,0.001,0.000,0.000,0.000,2.860,0.019,0.001,0.000,0.000,0.000,0.000,0.000,0.003,0.002,0.000,0.000,0.001,0.000,0.000,0.000,0.007,0.000,0.001,0.000,0.002,0.173,0.000,0.000,0.000,0.000,0.001,0.003,0.000,0.223,0.000,0.000,0.010,0.000,0.000,0.001,0.000,0.002,0.002,0.000,0.001,0.000,0.000,0.000,0.031,0.023,0.000,0.000,0.000,0.000,0.033,0.013,0.000,0.001,0.000,0.000,0.000,0.000,0.000,0.001,0.000,42.564,63.202,0.063311
io_intensive_18.csv,0.002,0.001,0.000,0.000,0.000,0.000,0.000,0.000,0.000,0.000,0.000,0.000,1.128,0.000,0.000,0.000,0.001,0.000,0.000,346.079,0.000,0.000,0.001,0.000,0.001,0.000,0.000,0.000,0.028,0.000,0.000,0.000,0.000,0.000,0.000,0.000,0.000,0.000,0.000,0.170,0.000,0.002,0.001,0.000,0.000,0.000,0.000,0.000,0.000,0.000,0.014,0.000,0.000,0.001,0.002,0.000,0.000,0.001,0.000,0.000,0.000,44.122,0.018,0.001,0.000,0.000,0.000,0.000,0.000,0.003,0.001,0.000,0.000,0.001,0.000,0.000,0.000,0.009,0.000,0.001,0.000,0.006,0.172,0.000,0.000,0.000,0.000,0.000,0.003,0.000,0.314,0.000,0.000,0.012,0.000,0.000,0.001,0.000,0.004,0.003,0.000,0.001,0.000,0.001,0.000,0.038,0.025,0.000,0.000,0.000,0.080,0.032,0.054,0.000,0.001,0.000,0.000,0.000,0.000,0.000,0.000,0.000,317.656,709.995,0.364456
io_intensive_19.csv,0.004,0.003,0.000,0.000,0.000,0.000,0.000,0.000,0.000,0.000,0.000,0.000,61.509,0.000,0.000,0.000,0.002,0.000,0.000,174.291,0.000,0.000,0.001,0.000,0.002,0.000,0.000,0.000,0.057,0.000,0.000,0.000,0.000,0.000,0.000,0.000,0.000,0.000,0.000,0.586,0.000,0.004,0.003,0.000,0.000,0.000,0.000,0.000,0.000,0.000,0.028,0.000,0.000,0.000,0.003,0.000,0.000,0.001,0.000,0.000,0.000,10.325,0.070,0.003,0.000,0.000,0.000,0.000,0.000,0.006,0.012,0.000,0.000,0.002,0.000,0.000,0.000,0.023,0.000,0.003,0.000,0.029,0.326,0.000,0.000,0.000,0.000,0.002,0.006,0.000,0.581,0.000,0.000,0.033,0.000,0.000,0.002,0.000,0.003,0.004,0.000,0.002,0.000,0.001,0.000,0.053,0.054,0.000,0.000,0.000,0.244,0.090,0.049,0.000,0.001,0.000,0.000,0.000,0.000,0.000,0.000,0.000,125.974,374.393,0.200977
io_intensive_2.csv,0.000,0.000,0.000,0.000,0.000,0.000,0.000,0.000,0.000,0.000,0.000,0.000,471.774,0.000,0.000,0.000,0.000,0.000,0.000,0.000,0.000,0.000,0.000,0.000,0.000,0.000,0.000,0.000,0.014,0.000,0.000,0.000,0.000,0.000,0.000,0.000,0.000,0.000,0.000,0.125,0.000,0.001,0.000,0.000,0.000,0.000,0.000,0.000,0.000,0.000,0.003,0.000,0.000,0.000,0.000,0.000,0.000,0.000,0.000,0.000,0.000,25.250,0.000,0.000,0.000,0.000,0.000,0.000,0.000,0.001,0.003,0.000,0.000,0.000,0.000,0.000,0.000,0.002,0.000,0.000,0.000,0.000,0.078,0.000,0.000,0.000,0.000,0.002,0.002,0.000,0.134,0.000,0.000,0.006,0.000,0.000,0.001,0.000,0.000,0.001,0.000,0.001,0.000,0.000,0.000,0.011,0.008,0.000,0.000,0.000,0.000,0.022,0.005,0.000,0.000,0.000,0.000,0.000,0.000,0.000,0.000,0.000,158.239,655.682,0.655750
io_intensive_20.csv,0.001,0.001,0.000,0.000,0.000,0.000,0.000,0.000,0.000,0.000,0.000,0.000,0.988,0.000,0.000,0.000,0.000,0.000,0.000,0.000,0.000,0.000,0.001,0.000,0.001,0.000,0.000,0.000,0.014,0.000,0.000,0.000,0.000,0.000,0.000,0.000,0.000,0.000,0.000,2.131,0.000,0.001,0.001,0.000,0.000,0.000,0.000,0.000,0.000,0.000,0.007,0.000,0.000,0.000,0.002,0.000,0.000,0.001,0.000,0.000,0.000,0.020,0.009,0.001,0.000,0.000,0.000,0.000,0.000,0.002,0.778,0.000,0.000,0.000,0.000,1.633,0.000,0.005,0.000,0.001,0.000,0.001,0.086,0.000,0.000,0.000,0.000,0.000,0.001,0.000,0.081,0.000,0.000,0.008,0.000,0.000,0.000,0.000,0.002,0.001,0.000,0.001,0.000,0.000,0.000,0.015,0.010,0.000,0.000,0.000,0.000,0.690,0.005,0.000,0.001,0.000,0.000,0.000,0.000,0.000,0.000,0.000,690.345,696.843,0.696899
io_intensive_21.csv,0.000,0.000,0.000,0.000,0.000,0.000,0.000,0.000,0.000,0.000,0.000,0.000,0.200,0.000,0.000,0.000,0.000,0.000,0.000,0.000,0.000,0.000,0.000,0.000,0.000,0.000,0.000,0.000,0.013,0.000,0.000,0.000,0.000,0.000,0.000,0.000,0.000,0.000,0.000,0.084,0.000,0.001,0.000,0.000,0.000,0.000,0.000,0.000,0.003,0.000,0.003,0.000,0.000,0.000,0.000,0.000,0.000,0.000,0.000,0.000,0.000,0.227,0.000,0.000,0.000,0.000,0.000,0.000,0.000,0.001,0.001,0.000,0.000,0.000,0.000,0.000,0.000,0.001,0.000,0.000,0.000,0.000,0.066,0.000,0.000,0.000,0.000,0.002,0.001,0.000,0.093,0.000,0.000,0.005,0.000,0.000,0.001,0.000,0.000,0.000,0.000,0.000,0.000,0.000,0.000,0.008,0.008,0.000,0.000,0.000,0.000,0.014,0.005,0.000,0.000,0.000,0.000,0.000,0.000,0.000,0.000,0.000,11.470,12.210,0.012335
io_intensive_22.csv,0.000,0.000,0.000,0.000,0.000,0.000,0.000,0.000,0.000,0.000,0.000,0.000,0.000,0.000,0.000,0.000,0.000,0.000,0.000,0.000,0.000,0.000,0.000,0.000,0.000,0.000,0.000,0.000,0.011,0.000,0.000,0.000,0.000,0.000,0.000,0.000,0.000,0.000,0.000,0.082,0.000,0.001,0.000,0.000,0.000,0.000,0.000,0.000,0.003,0.000,0.002,0.000,0.000,0.000,0.000,0.000,0.000,0.000,0.000,0.000,0.000,0.016,0.000,0.000,0.000,0.000,0.000,0.000,0.000,0.001,0.000,0.000,0.000,0.000,0.000,0.000,0.000,0.000,0.000,0.000,0.000,0.000,0.061,0.000,0.000,0.000,0.000,0.000,0.001,0.000,0.086,0.000,0.000,0.004,0.000,0.000,0.000,0.000,0.000,0.000,0.000,0.000,0.000,0.000,0.000,0.008,0.019,0.000,0.000,0.000,0.000,0.013,0.005,0.000,0.000,0.000,0.000,0.000,0.000,0.000,0.000,0.000,10.453,10.768,0.010824
io_intensive_23.csv,0.144,0.002,0.000,0.000,0.000,0.000,0.000,0.000,0.000,0.000,0.000,0.000,0.000,0.000,0.000,0.000,0.093,0.000,0.000,2306.509,0.000,0.000,0.001,0.000,0.001,0.000,0.000,0.000,2.472,0.000,0.000,0.000,0.000,0.000,0.000,0.000,0.000,0.000,0.000,12.076,0.067,0.149,0.002,0.000,0.000,0.000,0.000,0.000,0.000,0.000,0.489,0.000,0.000,0.000,0.002,0.000,0.000,0.001,0.000,0.000,0.000,3.353,0.033,0.002,0.000,0.000,0.000,0.000,0.000,0.229,0.000,0.000,0.000,0.123,0.000,0.000,0.000,0.664,1.176,0.002,0.000,0.978,11.534,0.000,0.000,0.000,0.000,0.000,0.281,0.000,18.365,0.000,0.000,0.986,0.000,0.278,0.082,0.000,0.239,0.121,0.000,0.084,0.000,0.199,0.000,1.898,1.684,1.327,0.000,0.000,11.353,2.306,1.120,0.000,0.001,0.000,0.000,0.000,0.000,0.000,0.000,0.000,2517.518,4897.946,2.631424
io_intensive_24.csv,0.002,0.001,0.000,0.000,0.000,0.000,0.000,0.000,0.000,0.000,0.000,0.000,0.006,0.000,0.000,0.002,0.001,0.000,0.000,11.849,0.000,0.000,0.001,0.000,0.002,0.000,0.000,0.000,0.041,0.000,0.000,0.000,0.000,0.000,0.000,0.000,0.000,0.000,0.000,0.263,0.000,0.003,0.001,0.000,0.000,0.000,0.000,0.000,0.000,0.000,0.015,0.000,0.000,0.000,0.002,0.000,0.000,0.001,0.000,0.000,0.000,0.059,0.018,0.001,0.000,0.000,0.000,0.000,0.000,0.004,0.002,0.000,0.000,0.001,0.000,0.003,0.000,0.009,0.000,0.001,0.000,0.005,0.220,0.000,0.000,0.000,0.000,0.000,0.004,0.000,0.296,0.000,0.000,0.019,0.000,0.000,0.001,0.000,0.004,0.002,0.000,0.002,0.000,0.001,0.000,0.044,0.032,0.000,0.000,0.000,0.104,0.039,0.022,0.000,0.001,0.000,0.000,0.004,0.000,0.000,0.000,0.000,40.071,53.161,0.041615
io_intensive_25.csv,0.000,0.000,0.000,0.000,0.000,0.000,0.000,0.000,0.000,0.000,0.000,0.000,0.000,0.000,0.000,0.000,0.001,0.000,0.000,0.000,0.000,0.000,0.000,0.012,0.000,0.000,0.000,0.000,0.022,0.000,0.000,0.000,0.000,0.000,0.000,0.000,0.000,0.000,0.000,0.118,0.000,0.002,0.000,0.000,0.000,0.000,0.000,0.000,0.000,0.000,0.003,0.000,0.000,0.000,0.000,0.000,0.000,0.000,0.000,0.000,0.000,0.032,0.000,0.000,0.000,0.000,0.018,0.000,0.000,0.002,0.000,0.000,0.000,0.001,0.000,0.000,0.000,0.000,0.000,0.000,0.000,0.000,0.131,0.000,0.000,0.000,0.000,0.000,0.003,0.000,0.183,0.000,0.000,0.012,0.000,0.000,0.001,0.000,0.000,0.001,0.000,0.001,0.000,0.000,0.000,0.019,0.015,0.000,0.000,0.000,0.000,0.022,0.011,0.000,0.000,0.000,0.000,0.000,0.000,0.000,0.000,0.000,20.562,21.174,0.035610
io_intensive_26.csv,0.000,0.000,0.006,0.000,0.000,0.000,0.000,0.000,0.000,0.000,0.000,0.000,0.008,0.000,0.000,0.000,0.001,0.000,0.000,0.000,0.000,0.000,0.000,0.000,0.000,0.000,0.000,0.000,0.012,0.000,0.000,0.000,0.000,0.000,0.000,0.000,0.000,0.000,0.000,0.060,0.000,0.002,0.000,0.000,0.000,0.000,0.000,0.000,0.000,0.000,0.006,0.000,0.000,0.000,0.000,0.000,0.000,0.000,0.000,0.000,0.000,0.034,0.004,0.000,0.000,0.000,0.000,0.000,0.000,0.002,0.000,0.000,0.000,0.001,0.000,0.000,0.009,0.000,0.000,0.000,0.000,0.000,0.069,0.000,0.000,0.000,0.000,0.000,0.003,0.000,0.206,0.000,0.000,0.010,0.000,0.000,0.001,0.000,0.000,0.002,0.000,0.001,0.000,0.000,0.000,0.020,0.020,0.000,0.000,0.000,0.000,0.018,0.010,0.000,0.000,0.000,0.000,0.000,0.000,0.000,0.000,0.000,14.644,15.148,0.030484
io_intensive_27.csv,0.054,0.001,0.000,0.000,0.000,0.000,0.000,0.000,0.000,0.000,0.000,0.000,0.079,0.000,0.000,0.000,0.044,0.000,0.383,1663.175,0.000,0.000,0.001,0.000,0.001,0.000,0.000,0.000,1.923,0.000,0.000,0.000,0.000,0.000,0.000,0.000,0.000,0.000,0.000,9.017,0.000,0.085,0.001,0.000,0.000,0.000,0.000,0.000,0.000,0.000,0.243,0.000,0.000,0.000,0.002,0.264,0.000,0.001,0.000,0.000,0.000,2.701,0.439,0.001,0.000,0.000,0.000,0.000,0.000,0.249,0.070,0.000,0.000,0.062,0.000,0.000,0.000,0.321,0.000,0.001,0.000,0.550,11.995,0.000,0.000,0.000,0.000,0.286,0.150,0.000,8.510,0.000,0.000,0.508,0.000,0.000,0.048,0.000,0.205,0.062,0.000,0.043,0.000,0.102,0.000,2.231,1.012,0.000,0.000,0.000,4.807,1.889,1.173,0.000,0.002,0.000,0.000,0.000,0.000,0.000,0.000,0.000,1788.750,3501.442,1.859016
io_intensive_28.csv,0.180,0.002,0.000,0.000,0.000,0.000,0.000,0.000,0.000,0.000,0.000,0.000,0.000,0.000,0.000,0.000,0.151,0.000,0.000,4253.067,0.000,0.241,0.001,0.000,0.001,0.000,0.000,0.000,4.219,0.000,0.000,0.743,0.000,0.000,0.000,0.000,0.000,0.000,0.000,24.805,0.091,0.291,0.003,0.000,0.000,0.000,0.000,0.000,0.000,0.000,0.928,0.000,0.000,0.000,0.002,0.000,0.000,0.001,0.000,0.000,0.000,6.027,0.935,0.002,0.000,0.000,0.000,0.000,0.000,0.416,0.113,0.000,0.000,0.218,0.000,0.000,0.000,1.394,0.000,0.002,0.000,1.584,21.366,0.000,0.000,0.000,0.000,0.000,0.483,0.000,31.592,0.001,0.000,1.787,0.000,0.000,0.165,0.000,0.444,0.211,0.000,0.159,0.000,0.340,0.000,3.473,3.341,0.000,0.000,0.000,16.649,4.412,1.908,0.000,0.001,0.000,0.000,0.000,0.000,0.000,0.000,0.000,4537.480,8919.232,4.739029
io_intensive_3.csv,0.000,0.000,0.000,0.000,0.000,0.000,0.000,0.000,0.000,0.000,0.000,0.000,30.934,0.000,0.000,0.000,0.001,0.000,0.000,0.000,0.000,0.000,0.000,0.000,0.000,0.000,0.000,0.000,0.012,0.000,0.000,0.000,0.000,0.000,0.000,0.000,0.000,0.000,0.000,0.090,0.000,0.001,0.000,0.000,0.000,0.000,0.000,0.000,0.000,0.000,0.005,0.000,0.000,0.000,0.000,0.000,0.000,0.000,0.000,0.000,0.000,6.797,0.000,0.000,0.000,0.000,0.000,0.000,0.000,0.002,0.002,0.000,0.000,0.000,0.000,0.000,0.000,0.001,0.000,0.000,0.000,0.000,0.063,0.000,0.000,0.000,0.000,0.001,0.001,0.000,0.144,0.000,0.000,0.006,0.000,0.000,0.001,0.000,0.000,0.001,0.000,0.000,0.000,0.000,0.000,0.009,0.013,0.000,0.000,0.000,0.000,0.018,0.005,0.000,0.000,0.000,0.000,0.000,0.000,0.000,0.000,0.000,1515.002,1553.109,1.553165
io_intensive_4.csv,0.000,0.000,0.000,0.000,0.000,0.000,0.000,0.000,0.000,0.000,0.000,0.000,0.350,0.000,0.000,0.000,0.001,0.000,0.000,0.000,0.000,0.000,0.000,0.000,0.000,0.000,0.000,0.000,0.015,0.000,0.000,0.000,0.000,0.000,0.000,0.000,0.000,0.000,0.000,0.090,0.000,0.002,0.000,0.000,0.000,0.000,0.000,0.000,0.000,0.000,0.002,0.000,0.000,0.000,0.000,0.000,0.000,0.000,0.000,0.000,0.000,48.691,0.000,0.000,0.000,0.000,0.000,0.000,0.000,0.002,0.002,0.000,0.000,0.000,0.000,0.000,0.000,0.002,0.000,0.000,0.000,0.000,0.082,0.000,0.000,0.000,0.000,0.001,0.003,0.000,0.097,0.000,0.000,0.006,0.000,0.000,0.001,0.000,0.000,0.001,0.000,0.001,0.000,0.000,0.000,0.024,0.015,0.000,0.000,0.000,0.000,0.020,0.007,0.000,0.000,0.000,0.000,0.000,0.000,0.000,0.000,0.000,82.086,131.502,0.131641
io_intensive_5.csv,0.000,0.000,0.000,0.000,0.000,0.000,0.000,0.000,0.000,0.000,0.000,0.000,0.307,0.000,0.000,0.000,0.001,0.000,0.000,0.000,0.000,0.000,0.000,0.000,0.000,0.000,0.000,0.000,0.015,0.000,0.000,0.000,0.000,0.000,0.000,0.000,0.000,0.000,0.000,0.116,0.000,0.005,0.000,0.000,0.000,0.000,0.000,0.000,0.000,0.000,0.008,0.000,0.000,0.000,0.000,0.000,0.000,0.000,0.000,0.000,0.000,58.181,0.000,0.000,0.000,0.000,0.000,0.000,0.000,0.001,0.002,0.000,0.000,0.000,0.000,0.000,0.000,0.001,0.000,0.000,0.000,0.000,0.082,0.000,0.000,0.000,0.000,0.001,0.002,0.000,0.087,0.000,0.000,0.008,0.000,0.000,0.001,0.000,0.000,0.001,0.000,0.001,0.000,0.000,0.000,0.012,0.015,0.000,0.000,0.000,0.000,0.025,0.006,0.000,0.000,0.000,0.000,0.000,0.000,0.000,0.000,0.000,87.360,146.237,0.146293
io_intensive_6.csv,0.000,0.000,0.000,0.000,0.000,0.000,0.000,0.000,0.000,0.000,0.000,0.000,4.496,0.000,0.000,0.000,0.000,0.000,0.000,0.000,0.000,0.000,0.000,0.000,0.000,0.000,0.000,0.000,0.012,0.000,0.000,0.000,0.000,0.000,0.000,0.000,0.000,0.000,0.000,0.083,0.000,0.001,0.000,0.000,0.000,0.000,0.000,0.000,0.000,0.000,0.005,0.000,0.000,0.000,0.000,0.000,0.000,0.000,0.000,0.000,0.000,10.207,0.000,0.000,0.000,0.000,0.000,0.000,0.000,0.001,0.002,0.000,0.000,0.000,0.000,0.000,0.000,0.001,0.000,0.000,0.000,0.000,0.065,0.000,0.000,0.000,0.000,0.001,0.001,0.000,0.315,0.000,0.000,0.005,0.000,0.000,0.000,0.000,0.000,0.001,0.000,0.001,0.000,0.000,0.000,0.010,0.009,0.000,0.000,0.000,0.000,0.018,0.006,0.000,0.000,0.000,0.000,0.000,0.000,0.000,0.000,0.000,1314.591,1329.831,1.329893
io_intensive_7.csv,0.001,0.001,0.000,0.000,0.000,0.000,0.000,0.000,0.000,0.000,0.000,0.000,3.324,0.000,0.000,0.000,0.000,0.000,0.000,0.000,0.000,0.000,0.001,0.000,0.001,0.000,0.000,0.000,0.015,0.000,0.000,0.000,0.000,0.000,0.000,0.000,0.000,0.000,0.000,18.184,0.000,0.001,0.001,0.000,0.000,0.000,0.000,0.000,0.000,0.000,0.005,0.000,0.000,0.000,0.002,0.000,0.000,0.001,0.000,0.000,0.000,0.070,0.010,0.001,0.000,0.000,0.000,0.000,0.000,0.001,1.014,0.000,0.000,0.000,0.000,1.780,0.000,0.005,0.000,0.001,0.000,0.001,0.081,0.000,0.000,0.000,0.000,0.000,0.001,0.000,0.103,0.000,0.000,0.012,0.000,0.000,0.000,0.000,0.003,0.001,0.000,0.000,0.000,0.000,0.000,0.014,0.011,0.000,0.000,0.000,0.000,0.780,0.005,0.000,0.001,0.000,0.000,0.000,0.000,0.000,0.000,0.000,726.622,752.053,0.752109
io_intensive_8.csv,0.693,0.002,0.000,0.000,0.000,0.000,0.000,0.000,0.000,0.000,0.000,0.000,1.430,0.000,0.000,0.000,0.628,0.000,0.000,16759.367,0.000,0.000,0.001,0.000,0.002,0.001,0.000,0.000,20.058,0.000,0.000,0.000,0.000,0.000,0.000,0.000,0.000,0.000,0.000,110.180,0.000,1.232,0.002,0.000,0.000,0.000,0.000,0.000,0.000,0.000,4.527,0.000,0.000,0.986,0.004,0.000,0.000,0.001,0.000,0.000,0.000,30.234,0.032,0.002,0.000,0.000,0.000,0.000,0.000,1.615,1.281,0.000,0.000,1.063,0.000,0.000,0.000,4.582,0.000,0.001,0.000,6.682,104.722,0.000,0.000,0.000,0.000,0.000,1.890,0.000,199.017,0.001,0.000,8.038,0.000,0.000,0.610,0.000,2.155,0.877,0.000,0.674,0.000,1.359,0.000,14.783,15.160,0.000,0.000,0.000,142.852,20.936,23.332,0.000,0.002,0.000,0.000,0.000,0.000,0.000,0.000,0.000,17528.695,35009.705,18.617047
io_intensive_9.csv,0.703,0.002,0.000,0.000,0.000,0.000,0.000,0.000,0.000,0.000,0.000,0.000,3.352,0.000,0.000,0.000,0.591,0.000,5.821,23794.179,0.000,0.000,0.001,0.000,0.003,0.002,0.000,0.000,26.866,0.000,0.000,0.000,0.000,0.000,0.000,0.000,0.000,0.000,0.000,130.245,0.000,1.345,0.002,0.000,0.000,0.000,0.000,0.000,0.000,0.000,3.973,0.000,0.000,0.000,0.004,3.547,0.000,0.001,0.000,0.000,0.000,37.992,6.489,0.002,0.000,0.000,0.000,0.000,0.000,2.963,1.694,0.000,0.000,0.873,0.000,1.145,0.000,4.530,0.000,0.002,0.000,7.588,209.971,0.000,0.000,0.000,0.000,3.999,2.033,0.000,183.262,0.001,0.000,7.718,0.000,0.000,0.608,0.000,3.135,0.891,0.000,0.644,0.000,1.228,0.000,34.125,15.304,0.000,0.000,0.000,122.871,27.431,25.076,0.000,0.002,0.000,0.000,0.000,0.000,0.000,0.000,0.000,24358.178,49030.391,25.595968
mixed_1.csv,0.008,0.003,0.000,0.000,0.000,0.000,0.000,0.000,0.000,0.000,0.000,0.000,0.024,0.000,11.441,0.000,0.002,0.000,0.000,282.790,0.000,0.000,0.001,0.000,0.003,0.001,1.838,0.232,0.083,0.000,0.011,0.000,0.000,0.000,0.035,0.000,0.000,0.000,0.005,0.485,0.000,0.005,0.002,211.481,0.053,0.000,0.000,0.000,0.000,0.000,0.027,0.006,0.000,0.001,0.002,0.002,0.009,0.001,0.018,0.000,0.000,0.234,0.062,0.003,0.000,0.001,0.000,0.000,0.000,0.021,0.002,0.000,0.000,0.003,0.000,0.002,0.000,0.043,0.000,0.003,0.000,0.014,0.619,0.000,0.002,0.000,0.000,0.003,0.006,3.867,0.453,0.000,0.000,0.070,0.000,0.000,0.003,0.000,0.009,0.003,0.000,0.002,0.000,0.002,0.000,0.154,0.050,0.000,0.000,0.000,0.131,0.523,0.059,0.000,0.001,0.000,0.000,0.000,0.000,0.004,0.000,0.000,103.234,618.150,0.314596
mixed_10.csv,0.005,0.003,0.000,0.000,0.000,0.000,0.000,0.000,0.000,0.000,0.000,0.000,248.406,0.000,0.000,0.000,0.004,0.000,0.000,596.808,0.000,0.000,0.001,0.000,0.002,0.001,0.000,0.000,0.227,0.000,0.000,0.000,0.000,0.000,0.000,0.000,0.000,0.000,0.000,0.896,0.000,0.010,0.003,0.000,0.000,0.000,0.000,0.000,0.000,0.000,0.047,0.000,0.000,0.001,0.002,0.007,0.000,0.002,0.000,0.000,0.014,143.512,8.871,0.003,0.000,0.000,0.000,0.000,0.000,0.011,0.007,0.000,0.000,0.005,0.000,0.006,0.000,0.031,0.000,0.003,0.000,0.027,1.099,0.000,0.000,0.001,0.000,0.005,0.012,0.000,3.542,0.001,0.016,0.049,0.000,0.000,0.004,0.000,0.036,0.007,0.000,0.004,0.000,0.004,0.000,0.190,0.108,0.000,0.000,0.000,0.404,0.248,0.072,0.000,0.003,0.000,0.001,0.000,0.000,0.000,0.000,0.000,577.690,1582.413,0.627711
mixed_11.csv,0.072,0.053,0.000,0.000,0.000,0.000,0.000,0.000,0.000,0.000,0.000,0.000,0.273,0.000,0.000,0.000,0.042,0.000,0.000,2019.469,0.000,0.000,0.001,0.000,0.020,0.021,0.000,0.000,1.252,0.000,0.000,0.000,0.000,1002.566,0.000,0.000,0.000,0.000,0.000,15.149,0.000,0.090,0.095,0.000,0.000,0.046,0.000,0.000,0.000,0.000,0.486,0.000,0.000,0.009,0.003,0.000,0.000,0.001,0.000,0.025,0.000,1143.624,2.133,0.056,0.000,0.000,0.000,0.000,0.000,0.123,0.123,0.000,0.000,0.064,0.000,0.048,0.000,0.445,0.000,0.070,0.000,0.624,7.051,0.000,0.000,0.000,0.000,0.015,0.150,0.000,27.980,0.000,0.788,0.522,0.000,0.000,0.046,0.000,0.099,0.067,0.000,0.044,0.000,0.055,0.000,1.329,1.045,0.000,0.000,0.000,5.511,1.695,0.632,0.000,0.016,0.000,0.000,0.000,0.000,0.000,0.000,0.000,1316.307,5550.337,2.394148
mixed_12.csv,0.231,0.213,0.000,0.000,0.000,0.000,0.000,0.000,0.000,0.000,0.000,0.000,2.148,0.000,0.000,0.000,0.148,0.000,0.000,2164.720,0.000,0.000,0.002,0.000,0.010,0.001,0.000,0.000,5.541,0.000,0.000,0.000,0.000,0.000,0.000,0.000,0.000,0.000,0.000,57.267,0.000,0.287,0.198,0.000,0.000,0.000,0.000,0.000,0.000,0.000,1.881,0.000,0.000,0.000,0.007,0.000,0.000,0.004,0.000,0.000,0.000,2621.509,4.307,0.206,0.000,0.171,0.000,0.000,0.000,0.366,0.613,0.000,0.000,0.519,0.000,0.461,0.000,1.946,0.000,0.234,0.000,2.949,23.222,0.000,0.000,0.000,0.000,0.481,0.448,0.000,34.504,0.002,1.496,2.547,0.000,0.000,0.146,0.000,0.294,0.213,0.000,0.153,0.000,0.241,0.000,4.188,3.529,0.000,0.000,0.000,25.000,6.880,3.080,0.000,0.002,0.000,0.000,0.000,0.000,0.000,0.000,0.000,5426.199,10398.567,5.706821
mixed_13.csv,0.011,0.007,0.000,0.000,0.000,0.000,0.000,0.000,0.000,0.000,0.000,0.000,0.517,0.000,0.000,0.000,0.008,0.000,0.000,141.881,0.000,0.000,0.001,0.000,0.005,0.004,0.000,0.000,0.266,0.000,0.000,0.000,0.000,0.000,0.000,0.057,0.000,0.000,0.000,1.239,0.000,0.014,0.006,0.000,0.000,0.000,0.000,0.000,0.000,0.000,0.076,0.000,0.000,0.003,0.002,0.000,0.000,0.002,0.000,0.005,0.000,0.462,0.577,0.006,0.000,0.000,0.000,0.000,0.000,0.015,0.011,0.000,0.000,0.007,0.000,0.007,0.000,0.058,0.000,0.010,0.000,0.060,1.230,0.000,0.000,0.000,0.000,0.000,0.017,0.000,3.096,0.001,0.000,0.085,0.000,0.000,0.006,0.000,0.029,0.010,0.000,0.008,0.065,0.007,0.000,0.259,0.213,0.000,0.000,0.000,0.556,0.212,0.083,0.000,0.001,0.000,0.000,0.000,0.000,0.000,0.000,0.000,187.771,338.965,0.199451
mixed_14.csv,0.004,0.004,0.000,0.000,0.105,0.000,0.000,0.000,0.007,0.000,0.000,0.000,0.036,0.000,0.000,0.000,0.004,0.000,0.000,192.419,0.000,0.000,0.001,0.000,0.001,0.001,0.000,0.000,0.226,0.000,0.000,0.000,0.001,0.000,0.000,0.025,0.000,0.000,0.000,1.851,0.001,0.013,0.004,0.000,0.000,0.000,0.000,0.000,0.000,0.000,0.048,0.000,0.006,0.003,0.005,0.000,0.000,0.001,0.000,0.000,0.000,8.511,8.135,0.004,0.006,0.000,0.000,0.000,0.000,0.008,0.005,0.000,0.000,0.004,0.000,0.011,0.000,0.050,0.000,0.007,0.000,0.028,0.855,0.000,0.000,0.000,0.000,0.077,0.010,0.000,0.833,0.001,0.006,0.196,0.000,0.000,0.003,0.000,0.084,0.006,0.000,0.004,0.000,0.004,0.000,0.148,0.257,0.000,0.000,0.015,0.248,0.279,0.107,0.000,0.001,0.000,0.000,0.000,0.005,0.000,0.000,0.000,218.089,432.763,0.241581
mixed_15.csv,0.025,0.035,0.000,0.000,0.129,0.000,0.000,0.000,0.026,0.000,0.000,0.000,0.197,0.130,0.000,0.000,0.016,0.000,0.000,627.263,0.000,0.000,0.002,0.000,0.003,0.001,0.000,0.000,1.310,0.000,0.000,0.000,0.000,0.000,0.000,0.000,0.000,0.000,0.000,5.566,0.006,0.037,0.032,0.000,0.000,3.822,0.000,0.000,0.000,0.000,0.313,0.000,0.028,0.004,0.006,0.087,0.000,0.002,0.000,0.000,0.000,9.306,38.575,0.069,0.023,0.000,0.000,0.000,0.000,0.023,0.033,0.000,0.000,0.022,0.000,0.010,0.000,0.154,0.000,0.033,0.000,0.188,5.137,0.000,0.000,0.000,0.000,0.046,0.082,0.000,9.588,0.001,0.025,0.270,0.000,0.000,0.015,0.000,0.059,0.022,0.000,0.019,0.000,0.027,0.000,0.757,1.914,0.000,0.000,0.000,0.984,0.930,0.243,0.000,0.009,0.000,0.000,0.000,0.000,0.000,0.000,0.000,826.234,1533.839,0.915620
mixed_2.csv,6.558,3.987,0.000,0.000,0.000,0.000,0.000,0.000,0.000,0.000,0.000,0.000,176.256,0.000,0.000,0.000,3.432,0.000,0.000,80.259,0.000,0.000,0.001,0.000,0.001,0.000,0.000,0.000,98.317,0.000,0.000,0.000,0.000,0.000,0.000,0.000,0.000,0.000,0.000,543.427,0.000,6.280,4.254,0.000,0.000,0.000,0.000,0.000,0.000,0.000,40.945,0.000,0.000,0.000,0.002,0.000,0.000,0.001,0.000,0.000,0.000,96654.891,78.522,4.103,0.000,0.000,0.000,0.000,0.000,8.040,15.710,0.000,0.000,5.132,0.000,15.159,0.000,38.731,0.000,4.671,0.000,46.823,696.458,0.000,0.000,0.000,0.000,8.380,9.812,0.000,2316.733,0.000,32.167,42.801,0.000,0.000,3.084,0.000,0.002,4.511,0.000,3.418,0.000,5.726,0.000,76.681,70.490,0.000,0.000,0.000,1675.919,151.304,149.091,0.000,0.001,0.000,0.000,0.000,0.000,0.000,0.000,0.000,117811.818,220893.898,128.014400
mixed_3.csv,1.923,0.003,0.000,0.000,0.000,0.000,0.000,0.000,0.000,0.000,0.000,0.000,7.315,0.000,0.000,0.000,0.002,0.000,0.000,50.758,0.000,0.000,0.001,0.000,0.002,0.002,0.000,0.000,0.058,0.000,0.000,0.000,0.000,0.000,0.000,0.000,0.000,0.000,0.000,15.855,0.000,0.005,0.003,0.000,0.000,0.000,0.000,0.000,0.000,0.000,0.036,0.000,0.000,0.000,0.003,0.000,0.000,0.001,0.000,0.003,0.000,0.841,1.357,0.003,0.000,0.000,0.000,0.000,0.000,0.003,5.280,0.000,0.000,0.002,0.000,10.204,0.000,0.018,0.000,0.004,0.000,0.013,0.402,0.000,0.000,0.000,0.000,0.000,0.005,0.000,1.025,0.000,0.000,0.064,0.000,0.000,0.002,0.000,0.011,0.004,0.000,0.002,0.000,0.004,0.000,0.089,0.041,0.000,0.000,0.000,0.212,4.349,0.025,0.000,0.002,0.000,0.000,0.000,0.000,0.000,0.000,0.000,4638.936,4738.870,4.689201
mixed_4.csv,0.005,0.003,0.000,0.000,0.000,0.000,0.000,0.000,0.000,0.000,0.006,0.000,0.139,0.004,0.000,0.000,0.006,0.000,0.000,1087.916,0.043,0.000,0.001,0.000,0.003,0.001,0.000,0.000,0.323,0.000,0.000,0.000,0.000,0.000,259.365,0.000,0.000,0.000,0.000,3.186,0.001,0.015,0.003,0.000,0.000,0.000,0.000,0.000,0.000,0.000,0.598,0.000,0.000,0.001,0.008,0.003,0.000,0.002,0.000,0.000,0.032,25.930,1.030,0.003,0.000,0.000,0.000,0.000,0.000,0.016,0.005,0.000,0.000,0.006,0.000,0.032,0.000,0.048,0.000,0.004,0.000,0.035,1.240,0.005,0.000,0.000,0.000,0.515,0.017,0.000,4.890,0.001,0.018,0.449,0.000,0.000,0.006,0.000,0.056,0.017,0.000,0.006,0.000,0.003,0.000,0.302,0.111,0.000,0.061,0.000,0.302,0.316,0.249,0.000,0.003,0.000,0.000,0.000,11.104,0.000,0.000,0.000,616.603,2015.048,0.670787
mixed_5.csv,0.006,0.002,0.000,0.000,0.000,0.000,0.000,0.000,0.000,0.000,0.007,0.000,5.865,0.000,0.000,0.000,0.004,0.000,0.008,1127.437,0.000,0.000,0.001,0.000,0.001,0.000,0.000,0.000,0.234,0.000,0.000,0.000,0.000,0.000,0.000,0.000,0.000,0.039,0.000,5.985,0.000,0.030,0.002,0.000,0.000,0.000,0.000,0.000,0.000,0.000,0.053,0.000,0.000,0.000,0.012,0.003,0.000,0.001,0.000,0.000,0.000,14.376,4.864,0.002,0.000,0.000,0.000,0.000,0.000,0.038,0.002,0.000,0.000,0.004,0.010,0.000,0.000,0.038,0.000,0.002,0.000,0.054,2.918,0.000,0.000,0.000,0.000,0.021,0.008,0.000,2.672,0.000,0.000,0.212,0.000,0.000,0.003,0.000,0.012,0.008,0.000,0.003,0.000,0.005,0.000,0.837,0.072,0.000,0.000,0.000,0.305,0.239,1.043,0.000,0.001,0.000,0.000,0.000,5.107,0.000,0.000,0.000,1105.539,2278.089,1.155710
mixed_6.csv,0.008,0.002,0.000,0.000,0.000,0.000,0.000,0.006,0.000,0.000,0.000,0.000,0.033,0.000,0.000,0.000,0.002,0.077,0.000,61.006,0.000,0.000,0.001,0.000,0.001,0.000,0.000,0.000,0.048,0.000,0.000,0.000,0.000,0.000,0.000,0.000,0.000,0.000,0.000,0.715,0.000,0.004,0.004,0.000,0.000,0.000,0.000,0.000,0.000,0.000,0.040,0.000,0.000,0.000,0.002,0.000,0.000,0.001,0.000,0.000,0.000,0.063,0.278,0.002,0.009,0.000,0.000,0.000,0.000,0.001,0.004,0.000,0.000,0.002,0.000,0.081,0.000,0.017,0.000,0.003,0.000,0.013,0.321,0.000,0.000,0.000,0.000,0.003,0.030,0.000,1.277,0.000,0.012,0.026,0.000,0.000,0.002,0.000,0.014,0.003,0.000,0.002,0.000,0.002,0.000,0.092,0.010,0.000,0.038,0.000,0.167,0.054,0.024,0.000,0.001,0.000,0.000,0.000,0.000,0.000,0.000,0.000,77.119,141.623,0.081470
mixed_7.csv,0.000,0.000,0.000,0.000,0.000,0.000,0.000,0.000,0.000,0.000,0.000,0.000,0.019,0.000,0.000,0.000,0.000,0.000,0.000,0.000,0.000,0.000,0.000,0.000,0.000,0.000,0.000,0.000,0.065,0.000,0.000,0.000,0.000,0.000,0.000,0.000,0.000,0.000,0.000,0.244,0.000,0.002,0.000,0.000,0.000,0.000,0.000,0.000,0.000,0.000,0.002,0.000,0.000,0.000,0.017,0.000,0.000,0.000,0.000,0.000,0.000,0.288,0.227,0.000,0.000,0.000,0.000,0.000,0.000,0.001,0.000,0.000,0.000,0.000,0.000,0.002,0.000,0.023,0.000,0.001,0.000,0.003,0.117,0.000,0.000,0.000,0.000,0.036,0.001,0.000,0.077,0.000,0.000,0.040,0.000,0.000,0.001,0.000,0.032,0.000,0.000,0.000,0.000,0.000,0.000,0.028,0.125,0.000,0.000,0.008,0.000,0.061,0.021,0.000,0.000,0.000,0.000,0.000,0.005,0.000,0.000,0.000,72.083,73.531,0.073594
mixed_8.csv,0.009,0.002,0.000,0.000,0.000,0.000,0.000,0.000,0.000,0.000,0.000,0.000,0.043,0.000,1.145,0.000,0.003,0.000,0.000,1153.154,0.000,0.000,0.001,0.000,0.001,0.001,2.952,0.037,0.090,0.000,0.010,0.000,0.000,0.000,0.035,0.000,0.000,0.000,0.000,0.514,0.000,0.006,0.002,1085.861,0.028,0.000,0.000,0.000,0.000,0.000,0.022,0.006,0.000,0.001,0.002,0.003,0.005,0.001,0.006,0.000,0.000,28.191,0.069,0.002,0.000,0.000,0.000,0.000,0.000,0.021,0.006,0.000,0.000,0.003,0.000,0.006,0.000,0.056,0.000,0.003,0.000,0.037,0.641,0.000,0.000,0.000,0.000,0.004,0.006,13.254,0.494,0.000,0.012,0.065,0.000,0.000,0.002,0.000,0.008,0.004,0.000,0.002,0.000,0.003,0.000,0.137,0.064,0.000,0.000,0.000,0.202,0.972,0.060,0.000,0.001,0.000,0.000,0.000,0.000,0.002,0.000,0.000,115.589,2403.857,1.204653
mixed_9.csv,0.135,0.041,0.000,0.000,0.000,0.000,0.000,0.000,0.000,0.000,0.000,0.000,11.416,0.000,0.000,0.000,0.120,0.000,0.000,3725.732,0.000,0.000,0.001,0.000,0.001,0.000,0.000,0.000,3.581,0.000,0.000,0.000,0.000,0.000,0.000,3.019,0.000,0.000,0.000,60.339,0.001,0.318,0.042,0.000,0.000,0.000,0.000,0.000,0.000,0.000,1.105,0.000,0.000,0.091,0.002,0.000,0.000,0.001,0.000,0.000,0.000,861.219,2.580,0.040,0.000,0.000,0.000,0.000,0.000,0.322,0.346,0.000,0.000,0.169,0.000,0.000,0.000,1.197,0.000,0.075,0.000,1.372,20.662,0.000,0.000,0.000,0.000,0.054,0.369,0.000,29.996,0.000,0.612,1.598,0.000,0.005,0.162,0.000,0.851,0.179,0.000,0.129,0.000,0.230,0.000,4.072,3.003,0.023,0.000,0.000,13.230,5.212,1.655,0.000,0.001,0.000,0.000,0.000,0.000,0.000,0.000,0.000,4691.623,9446.928,4.937964
task_tests_1.csv,0.002,0.000,0.000,0.000,0.000,0.000,0.107,0.000,0.000,0.000,0.000,0.000,0.022,0.000,0.143,0.000,0.001,0.000,0.026,0.000,0.000,0.000,0.000,0.000,0.000,0.000,0.043,0.053,0.057,0.000,0.000,0.000,0.000,0.000,0.000,0.000,0.000,0.000,0.000,0.306,0.000,0.007,0.000,0.000,0.073,0.000,0.000,0.010,0.000,0.008,0.010,0.000,0.000,0.000,0.000,0.006,0.000,0.000,0.000,0.000,0.000,0.507,0.033,0.000,0.000,0.000,0.000,0.000,0.000,0.007,0.000,0.062,1.168,0.001,0.000,0.000,0.000,0.000,0.000,0.000,0.000,0.007,0.408,0.000,0.000,0.000,0.000,0.012,0.007,0.000,0.225,0.000,0.000,0.068,0.000,0.000,0.001,0.000,0.010,0.002,0.000,0.002,0.000,0.000,0.000,0.074,0.561,0.000,0.000,0.000,0.000,0.156,0.096,0.000,0.000,8.451,0.000,0.000,0.000,0.000,0.000,0.009,78.324,91.066,0.091210
task_tests_10.csv,0.000,0.000,0.000,0.003,0.000,0.000,0.000,0.000,0.000,0.017,0.000,0.012,0.105,0.000,0.021,0.000,0.002,0.000,0.000,0.000,0.000,0.000,0.000,0.000,0.000,0.000,4.371,0.000,0.046,0.000,0.000,0.000,0.000,0.000,0.000,0.000,0.000,0.000,27.416,0.299,0.000,0.004,0.002,1979.403,1.464,0.000,0.000,0.000,0.000,0.000,0.021,0.000,0.000,0.000,0.000,0.013,0.015,0.000,0.002,0.000,0.000,0.062,0.000,0.000,0.000,0.000,0.000,0.000,0.000,0.003,0.000,0.000,0.000,0.001,0.000,0.000,0.000,0.003,0.000,0.000,0.000,0.001,0.393,0.000,0.000,0.000,0.006,0.000,0.006,0.000,1.428,0.000,0.000,0.028,0.000,0.000,0.002,0.000,0.007,0.002,0.000,0.002,0.000,0.000,0.000,0.082,0.029,0.000,0.000,0.000,0.000,0.052,0.021,0.000,0.000,0.000,0.000,0.000,0.000,0.002,0.000,0.000,54.992,2070.338,2.070537
task_tests_11.csv,0.022,0.000,0.000,0.000,0.000,0.000,0.000,0.000,0.000,0.000,0.000,0.000,0.766,0.000,6.081,0.000,0.001,0.000,0.000,0.000,0.000,0.000,0.000,0.000,0.000,0.000,5.044,0.583,0.109,0.000,0.032,0.000,0.000,0.000,0.089,0.000,0.000,0.000,0.019,2.303,0.000,0.009,0.000,226.892,0.628,0.000,0.000,0.000,0.000,0.000,0.013,0.075,0.000,0.000,0.000,0.006,0.024,0.000,0.048,0.000,0.000,7.276,0.037,0.000,0.000,0.000,0.000,0.000,0.000,0.049,0.000,0.000,0.000,0.001,0.000,0.007,0.000,0.108,0.000,0.001,0.000,0.009,1.136,0.000,0.007,0.000,0.000,0.005,0.004,47.763,1.930,0.000,0.000,0.190,0.000,0.000,0.002,0.000,0.005,0.003,0.000,0.001,0.000,0.000,0.000,0.353,0.031,0.000,0.000,0.000,0.000,1.057,0.108,0.000,0.000,0.000,0.000,0.000,0.000,0.007,0.000,0.000,250.119,552.954,0.479295
task_tests_12.csv,0.001,0.000,0.000,0.000,0.000,0.000,0.000,0.000,0.000,0.000,0.000,0.000,0.018,0.000,0.000,0.000,0.001,0.000,0.000,0.000,0.000,0.000,0.000,0.000,0.000,0.000,0.000,0.000,0.067,0.000,0.000,0.000,0.000,0.000,0.000,0.000,0.000,0.000,0.000,4.279,0.000,0.003,0.000,0.000,0.000,0.000,0.000,0.000,0.000,0.000,0.010,0.000,0.000,0.000,0.000,0.006,0.000,0.000,0.000,0.000,0.000,13.425,1.259,0.000,0.000,0.000,0.000,0.000,0.000,0.003,0.000,0.000,0.000,0.001,0.003,0.000,0.000,0.014,0.000,0.001,0.000,0.002,0.429,0.000,0.000,0.000,0.000,0.020,0.003,0.000,0.209,0.000,0.000,0.039,0.000,0.000,0.001,0.000,0.006,0.002,0.000,0.001,0.000,0.000,0.000,0.086,0.251,0.000,0.000,0.000,0.000,0.815,0.098,0.000,0.000,0.000,0.000,0.000,0.000,0.000,0.000,0.000,246.829,267.882,0.268016
task_tests_13.csv,0.000,0.000,0.000,0.000,0.000,0.000,0.000,0.000,0.000,0.000,0.000,0.000,0.016,0.900,0.000,0.000,0.001,0.000,0.000,0.000,0.000,0.000,0.000,0.000,0.000,0.000,0.000,0.000,0.042,0.000,0.000,0.000,0.000,0.000,0.000,0.000,0.000,0.000,0.000,0.344,0.000,0.002,0.000,0.000,0.000,0.000,0.000,0.000,0.000,0.000,0.005,0.000,0.000,0.000,0.000,0.005,0.000,0.000,0.000,0.000,0.000,0.205,0.000,0.000,0.000,0.000,0.000,0.000,0.000,0.003,0.000,0.000,0.000,0.001,0.000,0.000,0.000,0.000,0.000,0.000,0.000,0.000,0.259,0.000,0.000,0.000,0.000,0.015,0.003,0.000,0.365,0.000,0.000,0.014,0.000,0.000,0.001,0.000,0.000,0.002,0.000,0.001,0.000,0.000,0.000,0.050,0.696,0.000,0.000,0.000,0.000,0.049,0.012,0.000,0.000,0.000,0.000,0.000,0.000,0.000,0.000,0.000,40.165,43.153,0.043259
task_tests_14.csv,0.000,0.000,0.000,0.000,0.000,0.000,0.000,0.000,0.000,0.000,0.000,0.000,0.039,0.000,0.000,0.000,0.001,0.000,0.000,0.000,0.000,0.000,0.000,0.000,0.000,0.000,0.000,0.000,0.028,0.000,0.000,0.000,0.000,0.000,0.000,0.000,0.000,0.000,0.000,0.150,0.000,0.002,0.000,0.000,0.000,1.798,0.000,0.000,0.000,0.000,0.006,0.000,0.000,0.000,0.000,0.000,0.000,0.000,0.000,0.000,0.000,0.200,6.162,0.000,0.000,0.000,0.000,0.000,0.000,0.002,0.000,0.000,0.000,0.001,0.000,0.000,0.000,0.000,0.000,0.000,0.000,0.000,0.124,0.000,0.000,0.000,0.000,0.000,0.003,0.000,0.395,0.000,0.000,0.015,0.000,0.000,0.001,0.000,0.007,0.001,0.000,0.001,0.000,0.000,0.000,0.022,0.017,0.000,0.000,0.000,0.000,0.030,0.012,0.000,0.003,0.000,0.000,0.000,0.000,0.000,0.000,0.000,34.373,43.392,0.043540
task_tests_15.csv,0.006,0.002,0.000,0.000,0.000,0.000,0.000,0.000,0.000,0.000,0.000,0.000,0.058,0.000,0.000,0.000,0.005,0.000,0.000,68.137,0.000,0.000,0.000,0.000,0.004,0.001,0.000,0.000,0.145,0.000,0.000,0.000,0.000,0.000,0.000,0.000,0.000,0.000,0.000,0.679,0.000,0.013,0.001,0.000,0.000,0.000,0.000,0.000,0.000,0.000,0.079,0.000,0.000,0.000,0.006,0.007,0.000,0.002,0.000,0.000,0.055,0.313,0.096,0.001,0.000,0.000,0.000,0.000,0.000,0.011,0.004,0.000,0.000,0.003,0.000,0.005,0.000,0.021,0.000,0.001,0.000,0.010,0.984,0.000,0.000,0.000,0.000,0.003,0.010,0.000,3.715,0.001,0.024,0.099,0.000,0.000,0.008,0.000,0.012,0.010,0.000,0.006,0.000,0.000,0.000,0.291,0.123,0.000,0.000,0.000,0.175,0.166,0.172,0.000,0.002,0.000,0.000,0.000,0.000,0.000,0.000,0.000,132.962,208.428,0.141288
task_tests_2.csv,0.000,0.000,0.000,0.000,0.000,0.000,0.000,0.000,0.000,0.000,0.000,0.000,0.020,0.000,0.000,0.000,0.001,0.000,0.000,0.000,0.000,0.000,0.000,0.000,0.000,0.000,0.000,0.000,0.040,0.000,0.000,0.000,0.000,0.000,0.000,0.000,0.000,0.000,0.000,0.234,0.000,0.002,0.000,0.000,0.000,0.000,0.000,0.000,0.000,0.000,0.004,0.000,0.000,0.002,0.000,0.000,0.000,0.000,0.000,0.000,0.000,0.062,0.000,0.000,0.000,0.000,0.000,0.000,0.000,0.004,0.000,0.000,0.000,0.001,0.000,0.000,0.000,0.000,0.000,0.000,0.000,0.000,0.195,0.000,0.000,0.000,0.000,0.000,0.003,0.000,0.179,0.000,0.000,0.016,0.000,0.000,0.001,0.000,0.000,0.001,0.000,0.001,0.000,0.000,0.000,0.022,0.026,0.000,0.000,0.000,0.000,0.041,0.025,0.000,0.000,0.000,0.000,0.000,0.000,0.000,0.000,0.000,31.501,32.381,0.032486
task_tests_3.csv,0.000,0.000,0.000,0.000,0.000,0.000,0.000,0.000,0.000,0.000,0.000,0.000,0.018,0.000,0.000,0.000,0.001,0.000,0.000,0.000,0.000,0.000,0.000,0.000,0.000,0.000,0.000,0.000,0.032,0.000,0.000,0.000,0.000,0.000,0.000,0.002,0.000,0.000,0.000,0.208,0.000,0.001,0.000,0.000,0.000,0.000,0.000,0.000,0.000,0.000,0.005,0.000,0.000,0.002,0.000,0.000,0.000,0.000,0.000,0.000,0.000,0.113,0.005,0.000,0.000,0.000,0.000,0.000,0.000,0.002,0.000,0.000,0.000,0.000,0.000,0.000,0.000,0.000,0.000,0.001,0.000,0.000,0.202,0.000,0.000,0.000,0.000,0.000,0.002,0.000,0.185,0.000,0.000,0.010,0.000,0.000,0.001,0.000,0.002,0.001,0.000,0.001,0.000,0.000,0.000,0.035,0.020,0.000,0.000,0.000,0.000,0.033,0.023,0.000,0.000,0.000,0.000,0.000,0.000,0.000,0.000,0.000,25.340,26.245,0.026346
task_tests_4.csv,0.000,0.000,0.000,0.000,0.000,0.000,0.000,0.000,0.000,0.000,0.000,0.000,0.030,0.000,0.000,0.000,0.001,0.000,0.000,0.000,0.000,0.000,0.000,0.000,0.000,0.000,0.000,0.000,0.037,0.000,0.000,0.000,0.000,0.000,0.000,0.000,0.000,0.000,0.000,0.247,0.000,0.001,0.000,0.000,0.000,0.000,0.000,0.000,0.000,0.000,0.005,0.000,0.000,0.000,0.000,0.000,0.000,0.000,0.000,0.000,0.000,0.037,0.034,0.000,0.000,0.000,0.000,0.000,0.000,0.003,0.000,0.000,0.000,0.000,0.000,0.021,0.000,0.000,0.000,0.000,0.000,0.000,0.140,0.000,0.000,0.000,0.000,0.000,0.003,0.000,0.161,0.000,0.000,0.059,0.000,0.000,0.001,0.000,0.011,0.001,0.000,0.001,0.000,0.000,0.000,0.026,1.617,0.000,0.000,0.000,0.000,0.060,0.009,0.000,0.002,0.000,0.002,0.000,0.000,0.000,0.000,0.000,33.631,36.140,0.036242
task_tests_5.csv,0.000,0.000,0.000,0.000,0.000,0.000,0.000,0.000,0.000,0.000,0.000,0.000,0.016,0.000,0.000,0.000,0.002,0.000,0.000,0.000,0.000,0.000,0.000,0.000,0.000,0.000,0.000,0.000,0.050,0.000,0.000,0.000,0.000,0.000,0.000,0.000,0.000,0.000,0.000,0.220,0.000,0.003,0.000,0.000,0.000,0.000,0.000,0.000,0.000,0.000,0.020,0.000,0.000,0.000,0.000,0.000,0.000,0.000,0.000,0.000,0.000,0.045,1.049,0.000,0.000,0.000,0.000,0.000,0.000,0.003,0.000,0.000,0.000,0.001,0.000,0.020,0.000,0.000,0.000,0.000,0.000,0.000,0.167,0.000,0.000,0.000,0.000,0.000,0.003,0.000,1.415,0.000,0.000,0.022,0.000,0.000,0.001,0.000,0.000,0.002,0.000,0.002,0.000,0.000,0.000,0.033,3.033,0.000,0.000,0.000,0.000,0.063,0.018,0.000,0.000,0.000,0.000,0.000,0.000,0.000,0.000,0.000,45.710,51.901,0.052033
task_tests_6.csv,0.000,0.000,0.000,0.000,0.000,0.000,0.000,0.000,0.000,0.000,0.000,0.000,0.021,0.000,0.000,0.000,0.001,0.000,0.000,0.000,0.000,0.000,0.000,0.000,0.000,0.000,0.000,0.000,0.026,0.000,0.000,0.000,0.000,0.000,0.000,0.000,0.000,0.000,0.000,0.212,0.000,0.002,0.000,0.000,0.000,0.000,0.000,0.000,0.000,0.000,0.006,0.000,0.000,0.000,0.000,0.000,0.000,0.000,0.000,0.000,0.000,0.087,0.007,0.000,0.000,0.002,0.000,0.000,0.000,0.003,0.000,0.000,0.000,0.001,0.000,0.000,0.000,0.002,0.000,0.000,0.000,0.000,0.174,0.000,0.000,0.000,0.000,0.001,0.003,0.000,0.184,0.000,0.000,0.025,0.000,0.000,0.001,0.000,0.000,0.001,0.000,0.001,0.000,0.000,0.000,0.033,0.024,0.000,0.000,0.000,0.000,0.030,0.024,0.000,0.000,0.000,0.000,0.000,0.000,0.000,0.000,0.000,25.850,26.720,0.026883
task_tests_7.csv,0.000,0.000,0.000,0.000,0.000,0.000,0.000,0.000,0.000,0.000,0.000,0.000,0.013,0.000,0.000,0.000,0.001,0.000,0.000,0.000,0.000,0.000,0.000,0.000,0.000,0.000,0.000,0.000,0.039,0.000,0.000,0.000,0.000,0.000,0.000,0.000,0.000,0.000,0.000,0.194,0.000,0.004,0.000,0.000,0.000,0.000,0.000,0.000,0.000,0.000,0.011,0.000,0.000,0.000,0.000,0.000,0.000,0.000,0.000,0.000,0.000,0.063,0.000,0.000,0.000,0.000,0.000,0.000,0.000,0.004,0.000,0.000,0.000,0.001,0.000,0.000,0.000,0.000,0.000,0.000,0.000,0.000,0.252,0.000,0.000,0.000,0.000,0.000,0.007,0.000,0.248,0.000,0.000,0.016,0.000,0.000,0.003,0.000,0.000,0.002,0.000,0.005,0.000,0.000,0.000,0.052,0.036,0.000,0.000,0.000,0.000,0.037,0.019,0.000,0.000,0.000,0.000,0.000,0.000,0.000,0.000,0.000,33.318,34.326,0.034467
task_tests_8.csv,0.000,0.000,0.000,0.000,0.000,0.000,0.000,0.000,0.000,0.000,0.000,0.000,0.013,0.000,0.000,0.000,0.001,0.000,0.000,0.000,0.000,0.000,0.000,0.000,0.000,0.000,0.000,0.000,0.041,0.000,0.000,0.000,0.000,0.000,0.000,0.000,0.000,0.000,0.000,0.284,0.000,0.002,0.000,0.000,0.000,0.000,0.000,0.000,0.000,0.000,0.006,0.000,0.000,0.002,0.000,0.000,0.000,0.000,0.000,0.000,0.000,0.052,0.000,0.000,0.000,0.000,0.000,0.000,0.000,0.003,0.000,0.000,0.000,0.001,0.000,0.000,0.000,0.000,0.000,0.000,0.000,0.000,0.154,0.000,0.000,0.000,0.000,0.000,0.003,0.000,0.407,0.000,0.000,0.026,0.000,0.000,0.001,0.000,0.000,0.001,0.000,0.001,0.000,0.000,0.000,0.023,0.088,0.000,0.000,0.000,0.000,0.034,0.016,0.000,0.000,0.000,0.000,0.000,0.000,0.000,0.000,0.000,33.096,34.255,0.034389
task_tests_9.csv,0.002,0.000,0.000,0.000,0.000,0.000,0.028,0.000,0.000,0.000,0.000,0.000,0.247,0.000,0.137,0.000,0.002,0.000,0.000,0.000,0.000,0.000,0.004,0.000,0.000,0.000,0.000,0.000,0.156,0.000,0.093,0.000,0.000,0.000,0.077,0.000,0.000,0.000,0.035,10.293,0.005,0.043,0.000,0.000,0.612,0.000,1.606,0.019,0.000,0.000,0.010,0.887,0.000,0.000,0.000,0.000,0.025,0.000,0.007,0.000,0.000,11.127,0.000,0.000,0.000,0.000,0.000,151.749,1.824,4.614,0.000,0.000,0.000,0.002,0.015,0.000,0.000,0.019,0.000,0.000,0.000,0.034,2.060,0.000,0.222,0.000,0.000,0.000,0.003,0.000,2.756,0.000,0.973,0.003,5.735,0.000,0.003,0.000,0.037,0.002,0.584,0.002,0.000,0.000,0.000,0.524,0.035,0.000,0.000,1.461,0.000,0.508,0.102,0.000,0.002,0.000,0.000,0.000,0.014,0.000,0.000,0.000,255.746,454.447,0.342878
