timestamp,relative_time,pid,comm,uid,syscall,duration_us
8350.871396817,0.000000000,30432,chrt,0,execve,3.881
8350.871622423,0.000225606,30432,chrt,0,execve,4.677
8350.871680990,0.000284173,30432,bash,0,execve,102.832
8350.871856207,0.000459390,30432,bash,0,brk,0.509
8350.872780754,0.001383937,30432,bash,0,access,4.594
8350.872843031,0.001446214,30432,bash,0,openat,4.268
8350.872899460,0.001502643,30432,bash,0,fstat,1.416
8350.872953069,0.001556252,30432,bash,0,mmap,4.691
8350.873011322,0.001614505,30432,bash,0,close,0.907
8350.873147851,0.001751034,30432,bash,0,openat,3.487
8350.873203948,0.001807131,30432,bash,0,read,1.954
8350.873259133,0.001862316,30432,bash,0,fstat,0.550
8350.873312877,0.001916060,30432,bash,0,mmap,2.235
8350.873371112,0.001974295,30432,bash,0,mmap,1.620
8350.873425088,0.002028271,30432,bash,0,mmap,4.528
8350.873482555,0.002085738,30432,bash,0,mmap,3.498
8350.873542553,0.002145736,30432,bash,0,mmap,6.452
8350.873604397,0.002207580,30432,bash,0,mmap,2.084
8350.873666556,0.002269739,30432,bash,0,close,0.426
8350.873722351,0.002325534,30432,bash,0,openat,1.846
8350.873776259,0.002379442,30432,bash,0,read,1.067
8350.873828930,0.002432113,30432,bash,0,pread64,0.827
8350.873881616,0.002484799,30432,bash,0,fstat,0.520
8350.873935157,0.002538340,30432,bash,0,pread64,0.613
8350.873988071,0.002591254,30432,bash,0,mmap,2.333
8350.874119062,0.002722245,30432,bash,0,mmap,3.756
8350.874175449,0.002778632,30432,bash,0,mmap,3.113
8350.874230552,0.002833735,30432,bash,0,mmap,3.067
8350.874288272,0.002891455,30432,bash,0,mmap,1.455
8350.874347684,0.002950867,30432,bash,0,close,0.371
8350.874403700,0.003006883,30432,bash,0,openat,4.194
8350.874459863,0.003063046,30432,bash,0,read,1.320
8350.874524320,0.003127503,30432,bash,0,fstat,0.656
8350.874577240,0.003180423,30432,bash,0,mmap,4.706
8350.874638115,0.003241298,30432,bash,0,mmap,3.877
8350.874699498,0.003302681,30432,bash,0,mmap,2.560
8350.874757837,0.003361020,30432,bash,0,mmap,2.576
8350.874825870,0.003429053,30432,bash,0,close,0.364
8350.874889361,0.003492544,30432,bash,0,mmap,1.476
8350.874948058,0.003551241,30432,bash,0,syscall_158,0.343
8350.875000416,0.003603599,30432,bash,0,syscall_218,0.346
8350.875124665,0.003727848,30432,bash,0,syscall_273,0.559
8350.875176766,0.003779949,30432,bash,0,syscall_334,0.831
8350.875269410,0.003872593,30432,bash,0,mprotect,3.488
8350.875375005,0.003978188,30432,bash,0,mprotect,2.605
8350.875520690,0.004123873,30432,bash,0,mprotect,3.052
8350.875629181,0.004232364,30432,bash,0,mprotect,2.590
8350.875687281,0.004290464,30432,bash,0,mprotect,2.600
8350.875747502,0.004350685,30432,bash,0,syscall_302,0.454
8350.875807455,0.004410638,30432,bash,0,syscall_318,0.660
8350.875861496,0.004464679,30432,bash,0,munmap,5.324
8350.875930648,0.004533831,30432,bash,0,openat,7.328
8350.875990260,0.004593443,30432,bash,0,close,1.551
8350.876121114,0.004724297,30432,bash,0,brk,0.363
8350.876173140,0.004776323,30432,bash,0,brk,2.342
8350.876230845,0.004834028,30432,bash,0,openat,2.098
8350.876287626,0.004890809,30432,bash,0,openat,2.184
8350.876343380,0.004946563,30432,bash,0,fstat,0.799
8350.876397329,0.005000512,30432,bash,0,read,1.840
8350.876457188,0.005060371,30432,bash,0,read,0.491
8350.876510808,0.005113991,30432,bash,0,close,0.693
8350.876567300,0.005170483,30432,bash,0,openat,1.395
8350.876620823,0.005224006,30432,bash,0,openat,1.928
8350.876674642,0.005277825,30432,bash,0,fstat,0.519
8350.876727718,0.005330901,30432,bash,0,mmap,4.602
8350.876784947,0.005388130,30432,bash,0,close,0.314
8350.876838786,0.005441969,30432,bash,0,openat,1.287
8350.876894711,0.005497894,30432,bash,0,openat,1.596
8350.876949563,0.005552746,30432,bash,0,fstat,0.523
8350.877134213,0.005737396,30432,bash,0,read,1.439
8350.877219427,0.005822610,30432,bash,0,read,0.531
8350.877274019,0.005877202,30432,bash,0,close,0.955
8350.877329206,0.005932389,30432,bash,0,openat,2.615
8350.877384030,0.005987213,30432,bash,0,fstat,0.559
8350.877438567,0.006041750,30432,bash,0,syscall_217,5.140
8350.877500663,0.006103846,30432,bash,0,openat,1.732
8350.877555057,0.006158240,30432,bash,0,fstat,0.511
8350.877608775,0.006211958,30432,bash,0,read,0.882
8350.877681500,0.006284683,30432,bash,0,read,0.733
8350.877765798,0.006368981,30432,bash,0,read,0.941
8350.877850603,0.006453786,30432,bash,0,read,0.788
8350.877996011,0.006599194,30432,bash,0,read,0.817
8350.878176902,0.006780085,30432,bash,0,read,0.742
8350.878273675,0.006876858,30432,bash,0,read,0.912
8350.878373754,0.006976937,30432,bash,0,read,0.762
8350.878476657,0.007079840,30432,bash,0,read,0.721
8350.878563428,0.007166611,30432,bash,0,brk,3.304
8350.878643954,0.007247137,30432,bash,0,read,0.783
8350.878751983,0.007355166,30432,bash,0,read,0.887
8350.878872086,0.007475269,30432,bash,0,read,0.736
8350.879075347,0.007678530,30432,bash,0,read,3.674
8350.879340366,0.007943549,30432,bash,0,read,1.074
8350.879414382,0.008017565,30432,bash,0,read,0.491
8350.879471024,0.008074207,30432,bash,0,close,2.222
8350.879553187,0.008156370,30432,bash,0,syscall_217,8.117
8350.879619384,0.008222567,30432,bash,0,close,1.984
8350.879706610,0.008309793,30432,bash,0,syscall_202,1.503
8350.879767827,0.008371010,30432,bash,0,openat,6.419
8350.879830405,0.008433588,30432,bash,0,openat,4.925
8350.879892492,0.008495675,30432,bash,0,fstat,1.817
8350.879956201,0.008559384,30432,bash,0,mmap,10.829
8350.880027056,0.008630239,30432,bash,0,close,0.385
8350.880213088,0.008816271,30432,bash,0,openat,1.842
8350.880275161,0.008878344,30432,bash,0,openat,3.025
8350.880333713,0.008936896,30432,bash,0,fstat,0.613
8350.880387939,0.008991122,30432,bash,0,mmap,2.129
8350.880442751,0.009045934,30432,bash,0,close,0.341
8350.880498656,0.009101839,30432,bash,0,openat,1.158
8350.880553011,0.009156194,30432,bash,0,openat,1.760
8350.880608631,0.009211814,30432,bash,0,fstat,0.530
8350.880661825,0.009265008,30432,bash,0,mmap,2.157
8350.880716746,0.009319929,30432,bash,0,close,0.295
8350.880772311,0.009375494,30432,bash,0,openat,1.163
8350.880827562,0.009430745,30432,bash,0,openat,1.775
8350.880882311,0.009485494,30432,bash,0,fstat,0.541
8350.880935872,0.009539055,30432,bash,0,mmap,2.267
8350.880999365,0.009602548,30432,bash,0,close,0.302
8350.881125296,0.009728479,30432,bash,0,openat,1.193
8350.881179504,0.009782687,30432,bash,0,openat,1.908
8350.881234140,0.009837323,30432,bash,0,fstat,0.514
8350.881287605,0.009890788,30432,bash,0,mmap,1.542
8350.881342646,0.009945829,30432,bash,0,close,0.294
8350.881398326,0.010001509,30432,bash,0,openat,1.104
8350.881452383,0.010055566,30432,bash,0,openat,2.876
8350.881508189,0.010111372,30432,bash,0,fstat,0.520
8350.881562148,0.010165331,30432,bash,0,close,0.938
8350.881615903,0.010219086,30432,bash,0,openat,1.929
8350.881670422,0.010273605,30432,bash,0,fstat,0.521
8350.881723888,0.010327071,30432,bash,0,mmap,1.554
8350.881779019,0.010382202,30432,bash,0,close,0.296
8350.881835422,0.010438605,30432,bash,0,openat,1.149
8350.881889528,0.010492711,30432,bash,0,openat,1.783
8350.881944400,0.010547583,30432,bash,0,fstat,0.460
8350.882004961,0.010608144,30432,bash,0,mmap,2.244
8350.882133180,0.010736363,30432,bash,0,close,0.302
8350.882190759,0.010793942,30432,bash,0,openat,1.664
8350.882247683,0.010850866,30432,bash,0,openat,1.827
8350.882302286,0.010905469,30432,bash,0,fstat,0.519
8350.882355212,0.010958395,30432,bash,0,mmap,1.603
8350.882409439,0.011012622,30432,bash,0,close,0.290
8350.882466525,0.011069708,30432,bash,0,openat,1.114
8350.882520507,0.011123690,30432,bash,0,openat,1.788
8350.882575051,0.011178234,30432,bash,0,fstat,0.532
8350.882628119,0.011231302,30432,bash,0,mmap,1.881
8350.882683806,0.011286989,30432,bash,0,close,0.401
8350.882740243,0.011343426,30432,bash,0,openat,1.388
8350.882794328,0.011397511,30432,bash,0,openat,1.785
8350.882848772,0.011451955,30432,bash,0,fstat,0.499
8350.882902910,0.011506093,30432,bash,0,mmap,1.914
8350.882961358,0.011564541,30432,bash,0,close,0.322
8350.883129104,0.011732287,30432,bash,0,openat,1.676
8350.883184967,0.011788150,30432,bash,0,openat,1.859
8350.883240854,0.011844037,30432,bash,0,fstat,0.548
8350.883293808,0.011896991,30432,bash,0,mmap,2.477
8350.883348907,0.011952090,30432,bash,0,close,0.319
8350.883569589,0.012172772,30432,bash,0,syscall_118,0.970
8350.883630004,0.012233187,30432,bash,0,syscall_120,0.443
8350.883686835,0.012290018,30432,bash,0,rt_sigprocmask,0.440
8350.883766074,0.012369257,30432,bash,0,rt_sigaction,1.085
8350.883821618,0.012424801,30432,bash,0,rt_sigaction,0.317
8350.883875998,0.012479181,30432,bash,0,rt_sigaction,0.299
8350.883935360,0.012538543,30432,bash,0,rt_sigaction,0.304
8350.883991742,0.012594925,30432,bash,0,rt_sigaction,0.284
8350.884117804,0.012720987,30432,bash,0,rt_sigaction,0.307
8350.884173507,0.012776690,30432,bash,0,rt_sigaction,0.277
8350.884226994,0.012830177,30432,bash,0,rt_sigaction,0.298
8350.884281582,0.012884765,30432,bash,0,rt_sigaction,0.287
8350.884334968,0.012938151,30432,bash,0,rt_sigaction,0.279
8350.884388723,0.012991906,30432,bash,0,rt_sigaction,0.292
8350.884442405,0.013045588,30432,bash,0,rt_sigaction,0.293
8350.884500938,0.013104121,30432,bash,0,rt_sigprocmask,0.368
8350.884555097,0.013158280,30432,bash,0,rt_sigaction,0.330
8350.884608291,0.013211474,30432,bash,0,uname,1.240
8350.884676206,0.013279389,30432,bash,0,getcwd,2.159
8350.884734782,0.013337965,30432,bash,0,getpid,0.804
8350.884792560,0.013395743,30432,bash,0,syscall_110,0.701
8350.884848059,0.013451242,30432,bash,0,newfstatat,2.726
8350.884910667,0.013513850,30432,bash,0,newfstatat,3.382
8350.884973642,0.013576825,30432,bash,0,newfstatat,1.443
8350.885138627,0.013741810,30432,bash,0,newfstatat,1.588
8350.885194249,0.013797432,30432,bash,0,newfstatat,1.038
8350.885249164,0.013852347,30432,bash,0,syscall_107,0.326
8350.885301954,0.013905137,30432,bash,0,syscall_108,0.415
8350.885354957,0.013958140,30432,bash,0,syscall_102,0.292
8350.885407547,0.014010730,30432,bash,0,syscall_104,0.412
8350.885461384,0.014064567,30432,bash,0,access,1.631
8350.885515635,0.014118818,30432,bash,0,newfstatat,1.144
8350.885569306,0.014172489,30432,bash,0,syscall_107,0.252
8350.885622019,0.014225202,30432,bash,0,syscall_108,0.252
8350.885675802,0.014278985,30432,bash,0,syscall_102,0.252
8350.885728339,0.014331522,30432,bash,0,syscall_104,0.277
8350.885781098,0.014384281,30432,bash,0,access,0.897
8350.885842531,0.014445714,30432,bash,0,getpid,0.345
8350.885900710,0.014503893,30432,bash,0,syscall_110,1.720
8350.885956523,0.014559706,30432,bash,0,getpid,0.258
8350.886009687,0.014612870,30432,bash,0,syscall_110,0.287
8350.886145744,0.014748927,30432,bash,0,syscall_111,0.695
8350.886201192,0.014804375,30432,bash,0,ioctl,2.736
8350.886256769,0.014859952,30432,bash,0,rt_sigaction,0.332
8350.886310519,0.014913702,30432,bash,0,syscall_302,0.758
8350.886393166,0.014996349,30432,bash,0,rt_sigprocmask,0.293
8350.886448398,0.015051581,30432,bash,0,syscall_52,0.811
8350.886505266,0.015108449,30432,bash,0,rt_sigprocmask,0.256
8350.886576663,0.015179846,30432,bash,0,newfstatat,1.343
8350.886631694,0.015234877,30432,bash,0,newfstatat,1.578
8350.886686897,0.015290080,30432,bash,0,newfstatat,1.230
8350.886741073,0.015344256,30432,bash,0,newfstatat,1.839
8350.886795579,0.015398762,30432,bash,0,newfstatat,1.067
8350.886849254,0.015452437,30432,bash,0,syscall_107,0.267
8350.886902855,0.015506038,30432,bash,0,syscall_108,0.262
8350.886955360,0.015558543,30432,bash,0,syscall_102,0.265
8350.887009364,0.015612547,30432,bash,0,syscall_104,0.265
8350.887131792,0.015734975,30432,bash,0,access,1.081
8350.887186023,0.015789206,30432,bash,0,newfstatat,1.047
8350.887239615,0.015842798,30432,bash,0,syscall_107,0.267
8350.887292286,0.015895469,30432,bash,0,syscall_108,0.275
8350.887346248,0.015949431,30432,bash,0,syscall_102,0.242
8350.887398778,0.016001961,30432,bash,0,syscall_104,0.269
8350.887453550,0.016056733,30432,bash,0,access,1.012
8350.887512624,0.016115807,30432,bash,0,rt_sigprocmask,0.311
8350.887568570,0.016171753,30432,bash,0,rt_sigprocmask,0.644
8350.887622229,0.016225412,30432,bash,0,rt_sigprocmask,0.294
8350.887675320,0.016278503,30432,bash,0,clone,74.258
8350.887814675,0.016417858,30432,bash,0,rt_sigprocmask,0.719
8350.887880968,0.016484151,30432,bash,0,rt_sigprocmask,0.368
8350.887948399,0.016551582,30432,bash,0,rt_sigprocmask,0.421
8350.888003649,0.016606832,30432,bash,0,rt_sigprocmask,0.315
8350.888126604,0.016729787,30432,bash,0,rt_sigprocmask,0.327
8350.888180469,0.016783652,30432,bash,0,rt_sigaction,0.309
8350.888246155,0.016849338,30433,bash,0,syscall_273,0.476
8350.888309901,0.016913084,30433,bash,0,rt_sigprocmask,0.412
8350.888372001,0.016975184,30433,bash,0,getpid,0.433
8350.888426627,0.017029810,30433,bash,0,rt_sigprocmask,0.283
8350.888486967,0.017090150,30433,bash,0,rt_sigaction,0.337
8350.888543622,0.017146805,30433,bash,0,rt_sigaction,0.288
8350.888596747,0.017199930,30433,bash,0,rt_sigaction,0.285
8350.888652272,0.017255455,30433,bash,0,rt_sigaction,0.288
8350.888707177,0.017310360,30433,bash,0,rt_sigaction,0.403
8350.888760755,0.017363938,30433,bash,0,rt_sigaction,0.333
8350.888841982,0.017445165,30433,bash,0,openat,18.901
8350.888919016,0.017522199,30433,bash,0,dup2,0.945
8350.888973550,0.017576733,30433,bash,0,close,0.629
8350.889120819,0.017724002,30433,curl,0,execve,103.445
8350.889306185,0.017909368,30433,curl,0,brk,0.477
8350.890208800,0.018811983,30433,curl,0,access,1.878
8350.890266937,0.018870120,30433,curl,0,openat,2.231
8350.890323539,0.018926722,30433,curl,0,fstat,0.855
8350.890377022,0.018980205,30433,curl,0,mmap,2.701
8350.890438580,0.019041763,30433,curl,0,close,0.448
8350.890501496,0.019104679,30433,curl,0,openat,3.434
8350.890567140,0.019170323,30433,curl,0,read,1.758
8350.890621910,0.019225093,30433,curl,0,fstat,0.482
8350.890674922,0.019278105,30433,curl,0,mmap,2.078
8350.890732599,0.019335782,30433,curl,0,mmap,1.727
8350.890788129,0.019391312,30433,curl,0,mmap,4.270
8350.890845093,0.019448276,30433,curl,0,mmap,2.654
8350.890900615,0.019503798,30433,curl,0,mmap,2.400
8350.890963696,0.019566879,30433,curl,0,close,0.411
8350.891103760,0.019706943,30433,curl,0,openat,2.021
8350.891158753,0.019761936,30433,curl,0,read,0.960
8350.891213645,0.019816828,30433,curl,0,pread64,0.751
8350.891267902,0.019871085,30433,curl,0,fstat,0.539
8350.891321155,0.019924338,30433,curl,0,pread64,0.574
8350.891375668,0.019978851,30433,curl,0,mmap,4.021
8350.891437976,0.020041159,30433,curl,0,mmap,4.417
8350.891499416,0.020102599,30433,curl,0,mmap,3.583
8350.891555668,0.020158851,30433,curl,0,mmap,4.221
8350.891615376,0.020218559,30433,curl,0,mmap,1.741
8350.891675203,0.020278386,30433,curl,0,close,0.365
8350.891731627,0.020334810,30433,curl,0,openat,2.554
8350.891786787,0.020389970,30433,curl,0,read,0.998
8350.891840167,0.020443350,30433,curl,0,fstat,0.524
8350.891893833,0.020497016,30433,curl,0,mmap,1.808
8350.891949290,0.020552473,30433,curl,0,mmap,4.030
8350.892006154,0.020609337,30433,curl,0,mmap,2.259
8350.892131183,0.020734366,30433,curl,0,mmap,2.256
8350.892193516,0.020796699,30433,curl,0,close,0.412
8350.892248002,0.020851185,30433,curl,0,openat,2.815
8350.892303409,0.020906592,30433,curl,0,read,0.823
8350.892356714,0.020959897,30433,curl,0,fstat,0.609
8350.892412548,0.021015731,30433,curl,0,mmap,1.798
8350.892475240,0.021078423,30433,curl,0,mmap,2.333
8350.892530201,0.021133384,30433,curl,0,mmap,2.092
8350.892585319,0.021188502,30433,curl,0,mmap,2.063
8350.892646404,0.021249587,30433,curl,0,close,0.397
8350.892700872,0.021304055,30433,curl,0,openat,2.456
8350.892756714,0.021359897,30433,curl,0,read,0.911
8350.892810504,0.021413687,30433,curl,0,fstat,0.515
8350.892864742,0.021467925,30433,curl,0,mmap,1.699
8350.892918784,0.021521967,30433,curl,0,mmap,2.741
8350.892974075,0.021577258,30433,curl,0,mmap,6.566
8350.893102757,0.021705940,30433,curl,0,mmap,2.384
8350.893163370,0.021766553,30433,curl,0,close,0.384
8350.893217887,0.021821070,30433,curl,0,openat,2.289
8350.893273110,0.021876293,30433,curl,0,read,0.910
8350.893329508,0.021932691,30433,curl,0,fstat,0.553
8350.893387157,0.021990340,30433,curl,0,mmap,1.871
8350.893445577,0.022048760,30433,curl,0,mmap,2.643
8350.893501287,0.022104470,30433,curl,0,mmap,5.260
8350.893560367,0.022163550,30433,curl,0,mmap,2.355
8350.893622988,0.022226171,30433,curl,0,close,0.429
8350.893678578,0.022281761,30433,curl,0,openat,2.504
8350.893735771,0.022338954,30433,curl,0,read,0.782
8350.893791285,0.022394468,30433,curl,0,fstat,0.613
8350.893845502,0.022448685,30433,curl,0,mmap,2.657
8350.893903948,0.022507131,30433,curl,0,mmap,1.583
8350.893959738,0.022562921,30433,curl,0,mmap,3.034
8350.894103092,0.022706275,30433,curl,0,mmap,2.442
8350.894158739,0.022761922,30433,curl,0,mmap,2.114
8350.894220959,0.022824142,30433,curl,0,close,0.415
8350.894276725,0.022879908,30433,curl,0,openat,2.313
8350.894331757,0.022934940,30433,curl,0,read,1.112
8350.894389516,0.022992699,30433,curl,0,fstat,0.598
8350.894448908,0.023052091,30433,curl,0,mmap,2.263
8350.894505037,0.023108220,30433,curl,0,mmap,2.981
8350.894561405,0.023164588,30433,curl,0,mmap,2.773
8350.894621367,0.023224550,30433,curl,0,mmap,2.538
8350.894691172,0.023294355,30433,curl,0,close,0.460
8350.894750583,0.023353766,30433,curl,0,openat,1.790
8350.894805177,0.023408360,30433,curl,0,read,1.137
8350.894858704,0.023461887,30433,curl,0,fstat,0.541
8350.894923387,0.023526570,30433,curl,0,mmap,3.140
8350.894980575,0.023583758,30433,curl,0,mmap,3.879
8350.895106823,0.023710006,30433,curl,0,mmap,3.145
8350.895163970,0.023767153,30433,curl,0,mmap,3.040
8350.895223503,0.023826686,30433,curl,0,mmap,2.067
8350.895285902,0.023889085,30433,curl,0,close,0.374
8350.895341761,0.023944944,30433,curl,0,openat,3.075
8350.895402459,0.024005642,30433,curl,0,read,1.257
8350.895462545,0.024065728,30433,curl,0,fstat,0.644
8350.895521973,0.024125156,30433,curl,0,mmap,3.368
8350.895578209,0.024181392,30433,curl,0,mmap,4.772
8350.895651028,0.024254211,30433,curl,0,mmap,2.840
8350.895710952,0.024314135,30433,curl,0,mmap,6.002
8350.895777628,0.024380811,30433,curl,0,close,0.355
8350.895832175,0.024435358,30433,curl,0,openat,2.749
8350.895888541,0.024491724,30433,curl,0,read,1.008
8350.895942911,0.024546094,30433,curl,0,fstat,0.511
8350.895996398,0.024599581,30433,curl,0,mmap,2.205
8350.896120642,0.024723825,30433,curl,0,mmap,3.036
8350.896177666,0.024780849,30433,curl,0,mmap,2.427
8350.896232781,0.024835964,30433,curl,0,mmap,2.212
8350.896302910,0.024906093,30433,curl,0,close,0.419
8350.896360494,0.024963677,30433,curl,0,openat,2.361
8350.896416473,0.025019656,30433,curl,0,read,0.779
8350.896469668,0.025072851,30433,curl,0,fstat,0.513
8350.896522745,0.025125928,30433,curl,0,mmap,3.315
8350.896579059,0.025182242,30433,curl,0,mmap,4.168
8350.896637063,0.025240246,30433,curl,0,mmap,2.270
8350.896692050,0.025295233,30433,curl,0,mmap,2.249
8350.896752789,0.025355972,30433,curl,0,close,0.387
8350.896807823,0.025411006,30433,curl,0,openat,2.345
8350.896863640,0.025466823,30433,curl,0,read,0.806
8350.896916942,0.025520125,30433,curl,0,fstat,0.614
8350.896970359,0.025573542,30433,curl,0,mmap,2.855
8350.897112731,0.025715914,30433,curl,0,mmap,2.609
8350.897168508,0.025771691,30433,curl,0,mmap,4.311
8350.897225692,0.025828875,30433,curl,0,mmap,2.802
8350.897281337,0.025884520,30433,curl,0,mmap,2.220
8350.897342550,0.025945733,30433,curl,0,close,0.437
8350.897397875,0.026001058,30433,curl,0,openat,3.645
8350.897454167,0.026057350,30433,curl,0,read,0.983
8350.897507860,0.026111043,30433,curl,0,fstat,0.507
8350.897562412,0.026165595,30433,curl,0,mmap,2.566
8350.897617659,0.026220842,30433,curl,0,mmap,5.534
8350.897676294,0.026279477,30433,curl,0,mmap,3.214
8350.897733008,0.026336191,30433,curl,0,mmap,2.693
8350.897795650,0.026398833,30433,curl,0,close,0.409
8350.897856836,0.026460019,30433,curl,0,openat,2.728
8350.897917840,0.026521023,30433,curl,0,read,0.910
8350.897971567,0.026574750,30433,curl,0,fstat,0.513
8350.898108414,0.026711597,30433,curl,0,mmap,1.958
8350.898164646,0.026767829,30433,curl,0,mmap,3.754
8350.898221971,0.026825154,30433,curl,0,mmap,2.846
8350.898278503,0.026881686,30433,curl,0,mmap,2.819
8350.898342009,0.026945192,30433,curl,0,close,0.415
8350.898400034,0.027003217,30433,curl,0,openat,2.773
8350.898455976,0.027059159,30433,curl,0,read,1.002
8350.898510632,0.027113815,30433,curl,0,fstat,0.586
8350.898564007,0.027167190,30433,curl,0,mmap,2.739
8350.898619816,0.027222999,30433,curl,0,mmap,3.186
8350.898675871,0.027279054,30433,curl,0,mmap,2.990
8350.898732786,0.027335969,30433,curl,0,mmap,2.053
8350.898795698,0.027398881,30433,curl,0,close,0.392
8350.898853583,0.027456766,30433,curl,0,openat,2.739
8350.898915473,0.027518656,30433,curl,0,read,0.864
8350.898969907,0.027573090,30433,curl,0,fstat,0.511
8350.899105347,0.027708530,30433,curl,0,mmap,2.107
8350.899160747,0.027763930,30433,curl,0,mmap,3.965
8350.899218702,0.027821885,30433,curl,0,mmap,2.475
8350.899273984,0.027877167,30433,curl,0,mmap,2.003
8350.899335036,0.027938219,30433,curl,0,close,0.441
8350.899391596,0.027994779,30433,curl,0,openat,2.603
8350.899448032,0.028051215,30433,curl,0,read,0.907
8350.899501828,0.028105011,30433,curl,0,fstat,0.555
8350.899555082,0.028158265,30433,curl,0,mmap,1.770
8350.899611168,0.028214351,30433,curl,0,mmap,1.780
8350.899666747,0.028269930,30433,curl,0,mmap,3.633
8350.899723040,0.028326223,30433,curl,0,mmap,2.418
8350.899777826,0.028381009,30433,curl,0,mmap,2.295
8350.899842835,0.028446018,30433,curl,0,close,0.497
8350.899903574,0.028506757,30433,curl,0,openat,2.605
8350.899963288,0.028566471,30433,curl,0,read,0.838
8350.900120648,0.028723831,30433,curl,0,fstat,0.607
8350.900179841,0.028783024,30433,curl,0,mmap,2.467
8350.900235033,0.028838216,30433,curl,0,mmap,4.888
8350.900292943,0.028896126,30433,curl,0,mmap,2.482
8350.900348483,0.028951666,30433,curl,0,mmap,2.283
8350.900410454,0.029013637,30433,curl,0,close,0.424
8350.900465391,0.029068574,30433,curl,0,openat,2.498
8350.900520517,0.029123700,30433,curl,0,read,1.220
8350.900574535,0.029177718,30433,curl,0,fstat,0.510
8350.900628658,0.029231841,30433,curl,0,mmap,3.774
8350.900685245,0.029288428,30433,curl,0,mmap,2.849
8350.900740963,0.029344146,30433,curl,0,mmap,2.363
8350.900796228,0.029399411,30433,curl,0,mmap,2.205
8350.900867412,0.029470595,30433,curl,0,close,0.518
8350.900922832,0.029526015,30433,curl,0,openat,1.785
8350.900977616,0.029580799,30433,curl,0,read,0.894
8350.901113421,0.029716604,30433,curl,0,fstat,0.747
8350.901168820,0.029772003,30433,curl,0,mmap,4.204
8350.901226602,0.029829785,30433,curl,0,mmap,3.510
8350.901282779,0.029885962,30433,curl,0,mmap,2.613
8350.901339026,0.029942209,30433,curl,0,mmap,2.641
8350.901397823,0.030001006,30433,curl,0,mmap,1.330
8350.901456559,0.030059742,30433,curl,0,close,0.381
8350.901512822,0.030116005,30433,curl,0,openat,3.326
8350.901570050,0.030173233,30433,curl,0,read,1.234
8350.901624293,0.030227476,30433,curl,0,fstat,0.651
8350.901678144,0.030281327,30433,curl,0,mmap,2.655
8350.901733705,0.030336888,30433,curl,0,mmap,2.488
8350.901789690,0.030392873,30433,curl,0,mmap,2.323
8350.901849270,0.030452453,30433,curl,0,mmap,2.247
8350.901920098,0.030523281,30433,curl,0,close,0.352
8350.901984493,0.030587676,30433,curl,0,mmap,1.844
8350.902134200,0.030737383,30433,curl,0,mmap,1.492
8350.902195359,0.030798542,30433,curl,0,syscall_158,0.538
8350.902251291,0.030854474,30433,curl,0,syscall_218,0.527
8350.902304310,0.030907493,30433,curl,0,syscall_273,0.446
8350.902357453,0.030960636,30433,curl,0,syscall_334,0.704
8350.902469373,0.031072556,30433,curl,0,mprotect,6.571
8350.902539252,0.031142435,30433,curl,0,mprotect,2.422
8350.902611423,0.031214606,30433,curl,0,mprotect,2.628
8350.902678485,0.031281668,30433,curl,0,mprotect,2.201
8350.902755983,0.031359166,30433,curl,0,mprotect,2.881
8350.902830545,0.031433728,30433,curl,0,mprotect,2.268
8350.902915466,0.031518649,30433,curl,0,mprotect,2.193
8350.903166363,0.031769546,30433,curl,0,mprotect,6.249
8350.903424645,0.032027828,30433,curl,0,mprotect,3.947
8350.903495924,0.032099107,30433,curl,0,mprotect,2.629
8350.903559105,0.032162288,30433,curl,0,mprotect,3.858
8350.903619651,0.032222834,30433,curl,0,mprotect,2.446
8350.903725195,0.032328378,30433,curl,0,mprotect,6.482
8350.903856798,0.032459981,30433,curl,0,mprotect,2.311
8350.904177084,0.032780267,30433,curl,0,mprotect,5.697
8350.904478115,0.033081298,30433,curl,0,mprotect,7.088
8350.904557305,0.033160488,30433,curl,0,mprotect,3.100
8350.904627769,0.033230952,30433,curl,0,mprotect,2.131
8350.904716005,0.033319188,30433,curl,0,mprotect,2.254
8350.904799577,0.033402760,30433,curl,0,mprotect,2.320
8350.904921877,0.033525060,30433,curl,0,mprotect,8.691
8350.905103969,0.033707152,30433,curl,0,mprotect,3.972
8350.905278778,0.033881961,30433,curl,0,mprotect,2.952
8350.905344677,0.033947860,30433,curl,0,mprotect,5.936
8350.905416081,0.034019264,30433,curl,0,syscall_302,0.648
8350.905481856,0.034085039,30433,curl,0,syscall_318,1.335
8350.905649319,0.034252502,30433,curl,0,munmap,14.998
8350.906227560,0.034830743,30433,curl,0,fcntl,1.658
8350.906290576,0.034893759,30433,curl,0,fcntl,0.419
8350.906351779,0.034954962,30433,curl,0,fcntl,0.326
8350.906408087,0.035011270,30433,curl,0,rt_sigaction,1.042
8350.906467598,0.035070781,30433,curl,0,brk,0.675
8350.906524841,0.035128024,30433,curl,0,brk,4.637
8350.906674741,0.035277924,30433,curl,0,syscall_202,1.629
8350.906731078,0.035334261,30433,curl,0,syscall_202,0.351
8350.906784527,0.035387710,30433,curl,0,syscall_202,0.359
8350.906843841,0.035447024,30433,curl,0,syscall_202,0.371
8350.906954065,0.035557248,30433,curl,0,syscall_202,0.475
8350.907022500,0.035625683,30433,curl,0,syscall_202,0.348
8350.907192078,0.035795261,30433,curl,0,syscall_202,0.389
8350.907249652,0.035852835,30433,curl,0,syscall_202,0.380
8350.907310150,0.035913333,30433,curl,0,syscall_202,0.431
8350.907370804,0.035973987,30433,curl,0,syscall_202,0.342
8350.907560435,0.036163618,30433,curl,0,syscall_202,0.405
8350.907622740,0.036225923,30433,curl,0,openat,11.162
8350.907696244,0.036299427,30433,curl,0,fstat,1.651
8350.907754247,0.036357430,30433,curl,0,read,3.245
8350.907828476,0.036431659,30433,curl,0,read,0.952
8350.907907474,0.036510657,30433,curl,0,read,0.988
8350.907965756,0.036568939,30433,curl,0,brk,2.979
8350.908135831,0.036739014,30433,curl,0,read,1.003
8350.908204619,0.036807802,30433,curl,0,read,0.531
8350.908258902,0.036862085,30433,curl,0,close,1.946
8350.908326471,0.036929654,30433,curl,0,syscall_202,0.460
8350.908388319,0.036991502,30433,curl,0,syscall_202,0.364
8350.908442083,0.037045266,30433,curl,0,syscall_202,0.296
8350.908495103,0.037098286,30433,curl,0,syscall_202,0.339
8350.908549430,0.037152613,30433,curl,0,syscall_202,0.373
8350.908618296,0.037221479,30433,curl,0,syscall_202,0.344
8350.908684369,0.037287552,30433,curl,0,syscall_202,0.351
8350.908771967,0.037375150,30433,curl,0,openat,4.484
8350.908831731,0.037434914,30433,curl,0,openat,3.036
8350.908887438,0.037490621,30433,curl,0,fstat,0.878
8350.908941986,0.037545169,30433,curl,0,read,0.995
8350.908999691,0.037602874,30433,curl,0,read,0.518
8350.909124057,0.037727240,30433,curl,0,close,0.742
8350.909186134,0.037789317,30433,curl,0,openat,1.690
8350.909240092,0.037843275,30433,curl,0,openat,6.230
8350.909301925,0.037905108,30433,curl,0,fstat,0.588
8350.909358659,0.037961842,30433,curl,0,mmap,5.488
8350.909416713,0.038019896,30433,curl,0,close,0.368
8350.909471405,0.038074588,30433,curl,0,openat,1.821
8350.909528098,0.038131281,30433,curl,0,openat,1.861
8350.909583555,0.038186738,30433,curl,0,fstat,0.571
8350.909636023,0.038239206,30433,curl,0,read,0.929
8350.909704664,0.038307847,30433,curl,0,read,0.520
8350.909757783,0.038360966,30433,curl,0,close,0.686
8350.909813368,0.038416551,30433,curl,0,openat,3.405
8350.909868579,0.038471762,30433,curl,0,fstat,0.547
8350.909922911,0.038526094,30433,curl,0,syscall_217,9.195
8350.909988673,0.038591856,30433,curl,0,openat,1.904
8350.910112126,0.038715309,30433,curl,0,fstat,0.536
8350.910229226,0.038832409,30433,curl,0,read,1.310
8350.910311925,0.038915108,30433,curl,0,read,1.036
8350.910404086,0.039007269,30433,curl,0,read,0.969
8350.910494923,0.039098106,30433,curl,0,read,0.961
8350.910589679,0.039192862,30433,curl,0,read,0.916
8350.910687222,0.039290405,30433,curl,0,read,1.113
8350.910786895,0.039390078,30433,curl,0,read,0.896
8350.910891115,0.039494298,30433,curl,0,read,0.908
8350.910997580,0.039600763,30433,curl,0,read,0.890
8350.911119316,0.039722499,30433,curl,0,read,1.050
8350.911345924,0.039949107,30433,curl,0,brk,3.108
8350.911409667,0.040012850,30433,curl,0,read,1.620
8350.911534978,0.040138161,30433,curl,0,read,0.991
8350.911661121,0.040264304,30433,curl,0,read,0.937
8350.911792623,0.040395806,30433,curl,0,read,0.819
8350.911864010,0.040467193,30433,curl,0,read,0.544
8350.911922820,0.040526003,30433,curl,0,close,2.386
8350.911983570,0.040586753,30433,curl,0,syscall_217,6.095
8350.912147413,0.040750596,30433,curl,0,close,1.841
8350.912230453,0.040833636,30433,curl,0,syscall_202,0.892
8350.912292863,0.040896046,30433,curl,0,openat,5.817
8350.912354936,0.040958119,30433,curl,0,openat,3.656
8350.912415592,0.041018775,30433,curl,0,fstat,1.585
8350.912473750,0.041076933,30433,curl,0,mmap,7.575
8350.912536784,0.041139967,30433,curl,0,close,0.492
8350.912597792,0.041200975,30433,curl,0,openat,1.384
8350.912655069,0.041258252,30433,curl,0,openat,1.952
8350.912713876,0.041317059,30433,curl,0,fstat,0.558
8350.912769882,0.041373065,30433,curl,0,mmap,2.219
8350.912827848,0.041431031,30433,curl,0,close,0.317
8350.912886713,0.041489896,30433,curl,0,openat,1.236
8350.912945041,0.041548224,30433,curl,0,openat,1.834
8350.913002424,0.041605607,30433,curl,0,fstat,0.526
8350.913139803,0.041742986,30433,curl,0,mmap,1.768
8350.913197394,0.041800577,30433,curl,0,close,0.353
8350.913257222,0.041860405,30433,curl,0,openat,1.311
8350.913314907,0.041918090,30433,curl,0,openat,1.814
8350.913372348,0.041975531,30433,curl,0,fstat,0.557
8350.913428397,0.042031580,30433,curl,0,mmap,1.853
8350.913486767,0.042089950,30433,curl,0,close,0.317
8350.913545421,0.042148604,30433,curl,0,openat,1.337
8350.913605280,0.042208463,30433,curl,0,openat,2.004
8350.913659266,0.042262449,30433,curl,0,fstat,0.506
8350.913712394,0.042315577,30433,curl,0,mmap,1.962
8350.913766311,0.042369494,30433,curl,0,close,0.283
8350.913821376,0.042424559,30433,curl,0,openat,1.317
8350.913874982,0.042478165,30433,curl,0,openat,2.571
8350.913930329,0.042533512,30433,curl,0,fstat,0.570
8350.913982682,0.042585865,30433,curl,0,close,0.755
8350.914110121,0.042713304,30433,curl,0,openat,2.137
8350.914167598,0.042770781,30433,curl,0,fstat,0.570
8350.914227289,0.042830472,30433,curl,0,mmap,2.049
8350.914281595,0.042884778,30433,curl,0,close,0.327
8350.914339094,0.042942277,30433,curl,0,openat,1.126
8350.914392343,0.042995526,30433,curl,0,openat,1.883
8350.914446665,0.043049848,30433,curl,0,fstat,0.486
8350.914498706,0.043101889,30433,curl,0,mmap,3.165
8350.914554832,0.043158015,30433,curl,0,close,0.312
8350.914610092,0.043213275,30433,curl,0,openat,1.375
8350.914664124,0.043267307,30433,curl,0,openat,1.746
8350.914717809,0.043320992,30433,curl,0,fstat,0.541
8350.914771295,0.043374478,30433,curl,0,mmap,1.802
8350.914824895,0.043428078,30433,curl,0,close,0.280
8350.914879664,0.043482847,30433,curl,0,openat,1.966
8350.914933634,0.043536817,30433,curl,0,openat,2.127
8350.914988837,0.043592020,30433,curl,0,fstat,0.559
8350.915110320,0.043713503,30433,curl,0,mmap,2.235
8350.915164695,0.043767878,30433,curl,0,close,0.286
8350.915222608,0.043825791,30433,curl,0,openat,1.155
8350.915276546,0.043879729,30433,curl,0,openat,1.748
8350.915330062,0.043933245,30433,curl,0,fstat,0.539
8350.915382289,0.043985472,30433,curl,0,mmap,3.256
8350.915438168,0.044041351,30433,curl,0,close,0.294
8350.915492989,0.044096172,30433,curl,0,openat,1.456
8350.915548012,0.044151195,30433,curl,0,openat,1.925
8350.915601813,0.044204996,30433,curl,0,fstat,0.530
8350.915654984,0.044258167,30433,curl,0,mmap,5.364
8350.915712953,0.044316136,30433,curl,0,close,0.294
8350.915777552,0.044380735,30433,curl,0,openat,2.034
8350.915834088,0.044437271,30433,curl,0,openat,1.408
8350.915888693,0.044491876,30433,curl,0,syscall_107,0.475
8350.915945300,0.044548483,30433,curl,0,newfstatat,2.384
8350.916112055,0.044715238,30433,curl,0,newfstatat,1.795
8350.916174938,0.044778121,30433,curl,0,openat,2.130
8350.916230972,0.044834155,30433,curl,0,fstat,0.565
8350.916286108,0.044889291,30433,curl,0,read,1.983
8350.916346102,0.044949285,30433,curl,0,read,0.475
8350.916400943,0.045004126,30433,curl,0,fstat,0.535
8350.916454263,0.045057446,30433,curl,0,close,0.803
8350.916510791,0.045113974,30433,curl,0,openat,2.195
8350.916565818,0.045169001,30433,curl,0,fstat,0.537
8350.916619632,0.045222815,30433,curl,0,lseek,0.854
8350.916672957,0.045276140,30433,curl,0,read,0.937
8350.916727196,0.045330379,30433,curl,0,lseek,0.426
8350.916779455,0.045382638,30433,curl,0,close,0.725
8350.916833918,0.045437101,30433,curl,0,openat,1.157
8350.916904980,0.045508163,30433,curl,0,rt_sigaction,0.417
8350.916973569,0.045576752,30433,curl,0,rt_sigaction,0.519
8350.917123814,0.045726997,30433,curl,0,rt_sigaction,0.372
8350.917187907,0.045791090,30433,curl,0,ioctl,1.361
8350.917257233,0.045860416,30433,curl,0,ioctl,1.452
8350.917325366,0.045928549,30433,curl,0,syscall_290,4.596
8350.917384681,0.045987864,30433,curl,0,rt_sigaction,0.318
8350.917436687,0.046039870,30433,curl,0,rt_sigaction,0.340
8350.917490896,0.046094079,30433,curl,0,poll,0.888
8350.917544372,0.046147555,30433,curl,0,rt_sigaction,0.294
8350.917597164,0.046200347,30433,curl,0,rt_sigaction,0.316
8350.917674864,0.046278047,30433,curl,0,socket,9.565
8350.917738154,0.046341337,30433,curl,0,close,9.704
8350.917800947,0.046404130,30433,curl,0,syscall_290,1.107
8350.917855584,0.046458767,30433,curl,0,rt_sigaction,0.354
8350.917907593,0.046510776,30433,curl,0,rt_sigprocmask,0.334
8350.917961441,0.046564624,30433,curl,0,mmap,5.320
8350.918105918,0.046709101,30433,curl,0,syscall_28,7.760
8350.918169423,0.046772606,30433,curl,0,rt_sigprocmask,0.495
8350.918222621,0.046825804,30433,curl,0,syscall_435,34.938
8350.918312140,0.046915323,30433,curl,0,rt_sigprocmask,0.346
8350.918367944,0.046971127,30433,curl,0,rt_sigaction,0.442
8350.918432804,0.047035987,30433,curl,0,syscall_334,0.615
8350.918524477,0.047127660,30433,curl,0,syscall_273,0.349
8350.918578882,0.047182065,30433,curl,0,rt_sigprocmask,0.275
8350.918643856,0.047247039,30433,curl,0,newfstatat,4.219
8350.918705703,0.047308886,30433,curl,0,mmap,3.293
8350.918761578,0.047364761,30433,curl,0,munmap,5.141
8350.918818821,0.047422004,30433,curl,0,munmap,2.169
8350.918873673,0.047476856,30433,curl,0,mprotect,3.863
8350.918934416,0.047537599,30433,curl,0,newfstatat,7.061
8350.918996421,0.047599604,30433,curl,0,openat,4.056
8350.919128350,0.047731533,30433,curl,0,fstat,1.247
8350.919183461,0.047786644,30433,curl,0,read,1.652
8350.919238514,0.047841697,30433,curl,0,read,0.568
8350.919291658,0.047894841,30433,curl,0,close,1.321
8350.919347050,0.047950233,30433,curl,0,syscall_202,0.803
8350.919399942,0.048003125,30433,curl,0,openat,2.504
8350.919520156,0.048123339,30433,curl,0,fstat,0.592
8350.919573793,0.048176976,30433,curl,0,read,1.656
8350.919630261,0.048233444,30433,curl,0,read,0.554
8350.919683026,0.048286209,30433,curl,0,fstat,0.518
8350.919736239,0.048339422,30433,curl,0,close,0.671
8350.919797865,0.048401048,30433,curl,0,openat,1.882
8350.919854293,0.048457476,30433,curl,0,fstat,0.569
8350.919906596,0.048509779,30433,curl,0,mmap,3.551
8350.919962139,0.048565322,30433,curl,0,close,0.327
8350.920117297,0.048720480,30433,curl,0,openat,2.679
8350.920177912,0.048781095,30433,curl,0,read,1.501
8350.920234709,0.048837892,30433,curl,0,fstat,0.599
8350.920289522,0.048892705,30433,curl,0,mmap,2.941
8350.920345416,0.048948599,30433,curl,0,mmap,8.487
8350.920406196,0.049009379,30433,curl,0,mmap,3.150
8350.920469301,0.049072484,30433,curl,0,mmap,2.719
8350.920536941,0.049140124,30433,curl,0,close,0.551
8350.920596016,0.049199199,30433,curl,0,openat,3.096
8350.920652195,0.049255378,30433,curl,0,read,0.982
8350.920705241,0.049308424,30433,curl,0,fstat,0.602
8350.920759430,0.049362613,30433,curl,0,mmap,4.048
8350.920815983,0.049419166,30433,curl,0,mmap,7.099
8350.920875593,0.049478776,30433,curl,0,mmap,6.614
8350.920934713,0.049537896,30433,curl,0,mmap,3.173
8350.920997445,0.049600628,30433,curl,0,close,0.412
8350.921149087,0.049752270,30433,curl,0,mprotect,3.644
8350.921242350,0.049845533,30433,curl,0,mprotect,4.598
8350.921305978,0.049909161,30433,curl,0,syscall_157,0.938
8350.921359261,0.049962444,30433,curl,0,syscall_157,0.368
8350.921418573,0.050021756,30433,curl,0,syscall_157,0.344
8350.921471277,0.050074460,30433,curl,0,syscall_157,0.272
8350.921524629,0.050127812,30433,curl,0,syscall_157,0.282
8350.921576610,0.050179793,30433,curl,0,syscall_157,0.276
8350.921630827,0.050234010,30433,curl,0,munmap,6.117
8350.921708927,0.050312110,30433,curl,0,syscall_202,0.615
8350.921763949,0.050367132,30433,curl,0,rt_sigprocmask,0.400
8350.921822569,0.050425752,30433,curl,0,openat,4.689
8350.921881145,0.050484328,30433,curl,0,rt_sigprocmask,0.433
8350.921942976,0.050546159,30433,curl,0,openat,1.971
8350.921998310,0.050601493,30433,curl,0,fstat,0.622
8350.922121598,0.050724781,30433,curl,0,mmap,2.187
8350.922176355,0.050779538,30433,curl,0,close,0.381
8350.922230512,0.050833695,30433,curl,0,openat,2.100
8350.922285539,0.050888722,30433,curl,0,read,1.094
8350.922338560,0.050941743,30433,curl,0,fstat,0.553
8350.922399865,0.051003048,30433,curl,0,mmap,1.982
8350.922453905,0.051057088,30433,curl,0,mmap,4.732
8350.922516315,0.051119498,30433,curl,0,mmap,2.793
8350.922576593,0.051179776,30433,curl,0,mmap,3.350
8350.922646575,0.051249758,30433,curl,0,close,0.407
8350.922701935,0.051305118,30433,curl,0,openat,1.829
8350.922756443,0.051359626,30433,curl,0,read,1.066
8350.922809674,0.051412857,30433,curl,0,fstat,0.538
8350.922867273,0.051470456,30433,curl,0,mmap,4.631
8350.922924801,0.051527984,30433,curl,0,mmap,5.917
8350.922983955,0.051587138,30433,curl,0,mmap,3.572
8350.923108267,0.051711450,30433,curl,0,mmap,3.871
8350.923172860,0.051776043,30433,curl,0,close,0.398
8350.923248202,0.051851385,30433,curl,0,mprotect,4.188
8350.923327407,0.051930590,30433,curl,0,mprotect,2.338
8350.923396726,0.051999909,30433,curl,0,munmap,4.668
8350.923472306,0.052075489,30433,curl,0,syscall_202,0.616
8350.923525507,0.052128690,30433,curl,0,rt_sigprocmask,0.351
8350.923577865,0.052181048,30433,curl,0,socket,4.327
8350.923634619,0.052237802,30433,curl,0,connect,11.605
8350.923717605,0.052320788,30433,curl,0,sendto,3.248
8350.923775397,0.052378580,30433,curl,0,mmap,2.549
8350.923831970,0.052435153,30433,curl,0,recvfrom,1.403
8350.918421490,0.047024673,30433,curl,0,poll,5469.845
8350.923946554,0.052549737,30433,curl,0,rt_sigaction,0.428
8350.923998828,0.052602011,30433,curl,0,rt_sigaction,0.497
8350.924122448,0.052725631,30433,curl,0,rt_sigaction,0.345
8350.923886649,0.052489832,30433,curl,0,syscall_271,3867.057
8350.927976238,0.056579421,30433,curl,0,recvfrom,2.939
8350.928169559,0.056772742,30433,curl,0,rt_sigprocmask,0.550
8350.928226401,0.056829584,30433,curl,0,close,4.780
8350.928285899,0.056889082,30433,curl,0,munmap,5.378
8350.928346734,0.056949917,30433,curl,0,openat,3.923
8350.928403394,0.057006577,30433,curl,0,fstat,0.776
8350.928457802,0.057060985,30433,curl,0,fstat,0.511
8350.928512420,0.057115603,30433,curl,0,read,1.845
8350.928568028,0.057171211,30433,curl,0,read,0.557
8350.928621072,0.057224255,30433,curl,0,close,1.036
8350.928675570,0.057278753,30433,curl,0,syscall_202,0.922
8350.928728767,0.057331950,30433,curl,0,socket,4.397
8350.928796614,0.057399797,30433,curl,0,bind,2.091
8350.928850716,0.057453899,30433,curl,0,syscall_51,0.866
8350.928905107,0.057508290,30433,curl,0,sendto,21.772
8350.928985656,0.057588839,30433,curl,0,syscall_47,4.048
8350.929113666,0.057716849,30433,curl,0,syscall_47,1.036
8350.929166760,0.057769943,30433,curl,0,close,3.263
8350.929223313,0.057826496,30433,curl,0,socket,2.602
8350.929277852,0.057881035,30433,curl,0,connect,39.701
8350.929371956,0.057975139,30433,curl,0,syscall_51,0.859
8350.929424901,0.058028084,30433,curl,0,connect,1.292
8350.929477969,0.058081152,30433,curl,0,connect,38.340
8350.929573851,0.058177034,30433,curl,0,syscall_51,0.713
8350.929628665,0.058231848,30433,curl,0,connect,0.855
8350.929682039,0.058285222,30433,curl,0,connect,2.295
8350.929736442,0.058339625,30433,curl,0,syscall_51,0.647
8350.929795513,0.058398696,30433,curl,0,connect,0.672
8350.929849619,0.058452802,30433,curl,0,connect,1.931
8350.929903696,0.058506879,30433,curl,0,syscall_51,0.629
8350.929956332,0.058559515,30433,curl,0,connect,0.673
8350.930008865,0.058612048,30433,curl,0,connect,1.998
8350.930134618,0.058737801,30433,curl,0,syscall_51,0.653
8350.930187641,0.058790824,30433,curl,0,connect,0.679
8350.930240435,0.058843618,30433,curl,0,connect,1.710
8350.930294485,0.058897668,30433,curl,0,syscall_51,0.632
8350.930347702,0.058950885,30433,curl,0,connect,0.627
8350.930400352,0.059003535,30433,curl,0,connect,7.559
8350.930459873,0.059063056,30433,curl,0,syscall_51,0.579
8350.930512502,0.059115685,30433,curl,0,connect,0.636
8350.930565854,0.059169037,30433,curl,0,connect,1.791
8350.930619306,0.059222489,30433,curl,0,syscall_51,0.582
8350.930671663,0.059274846,30433,curl,0,connect,0.646
8350.930727443,0.059330626,30433,curl,0,connect,8896.523
8350.939679267,0.068282450,30433,curl,0,syscall_51,1.338
8350.939733127,0.068336310,30433,curl,0,connect,1.006
8350.939786641,0.068389824,30433,curl,0,connect,2.677
8350.939842788,0.068445971,30433,curl,0,syscall_51,0.581
8350.939895317,0.068498500,30433,curl,0,connect,0.658
8350.939947778,0.068550961,30433,curl,0,connect,1.154
8350.940001127,0.068604310,30433,curl,0,syscall_51,0.552
8350.940137943,0.068741126,30433,curl,0,connect,0.640
8350.940195614,0.068798797,30433,curl,0,connect,1.302
8350.940253714,0.068856897,30433,curl,0,syscall_51,0.571
8350.940307366,0.068910549,30433,curl,0,close,4.020
8350.940368994,0.068972177,30433,curl,0,write,1.127
8350.940425615,0.069028798,30433,curl,0,rt_sigprocmask,0.409
8350.940477989,0.069081172,30433,curl,0,syscall_28,3.071
8350.924176040,0.052779223,30433,curl,0,poll,16368.992
8350.940599211,0.069202394,30433,curl,0,rt_sigaction,0.483
8350.940651710,0.069254893,30433,curl,0,rt_sigaction,0.474
8350.940713112,0.069316295,30433,curl,0,socket,6.819
8350.940774697,0.069377880,30433,curl,0,syscall_54,1.938
8350.940829228,0.069432411,30433,curl,0,syscall_54,0.951
8350.940882056,0.069485239,30433,curl,0,syscall_54,0.533
8350.940934387,0.069537570,30433,curl,0,syscall_54,0.464
8350.940987915,0.069591098,30433,curl,0,syscall_54,0.473
8350.941112825,0.069716008,30433,curl,0,connect,1239.332
8350.942414326,0.071017509,30433,curl,0,syscall_51,1.384
8350.942480535,0.071083718,30433,curl,0,rt_sigaction,0.592
8350.942539920,0.071143103,30433,curl,0,poll,10840.636
8350.953458464,0.082061647,30433,curl,0,rt_sigaction,1.793
8350.953519097,0.082122280,30433,curl,0,rt_sigaction,0.889
8350.953580306,0.082183489,30433,curl,0,poll,1.521
8350.953639068,0.082242251,30433,curl,0,syscall_55,1.767
8350.953697939,0.082301122,30433,curl,0,syscall_51,1.973
8350.953759735,0.082362918,30433,curl,0,close,18.109
8350.953838498,0.082441681,30433,curl,0,socket,25.777
8350.953922485,0.082525668,30433,curl,0,syscall_54,1.483
8350.953980908,0.082584091,30433,curl,0,syscall_54,1.149
8350.954118444,0.082721627,30433,curl,0,syscall_54,0.635
8350.954174645,0.082777828,30433,curl,0,syscall_54,0.529
8350.954231949,0.082835132,30433,curl,0,syscall_54,0.508
8350.954288674,0.082891857,30433,curl,0,connect,1184.256
8350.955540563,0.084143746,30433,curl,0,syscall_51,2.368
8350.955607780,0.084210963,30433,curl,0,rt_sigaction,0.931
8350.955667434,0.084270617,30433,curl,0,poll,60641.262
8351.016406839,0.145010022,30433,curl,0,rt_sigaction,1.789
8351.016465098,0.145068281,30433,curl,0,rt_sigaction,0.946
8351.016523866,0.145127049,30433,curl,0,poll,1.222
8351.016578801,0.145181984,30433,curl,0,syscall_55,1.802
8351.016635315,0.145238498,30433,curl,0,syscall_51,1.481
8351.016706878,0.145310061,30433,curl,0,syscall_202,2.214
8351.017060065,0.145663248,30433,curl,0,getpid,1.026
8351.017262920,0.145866103,30433,curl,0,brk,9.298
8351.017512802,0.146115985,30433,curl,0,syscall_318,1.842
8351.017611258,0.146214441,30433,curl,0,brk,1.567
8351.017682843,0.146286026,30433,curl,0,syscall_202,1.299
8351.017744723,0.146347906,30433,curl,0,syscall_202,0.495
8351.018019003,0.146622186,30433,curl,0,brk,1.507
8351.018207714,0.146810897,30433,curl,0,syscall_202,0.582
8351.018368764,0.146971947,30433,curl,0,syscall_202,0.368
8351.018480136,0.147083319,30433,curl,0,getpid,0.600
8351.018541657,0.147144840,30433,curl,0,getpid,0.299
8351.018601267,0.147204450,30433,curl,0,getpid,0.278
8351.018655873,0.147259056,30433,curl,0,getpid,0.255
8351.018715037,0.147318220,30433,curl,0,getpid,0.243
8351.018770939,0.147374122,30433,curl,0,getpid,0.253
8351.018829878,0.147433061,30433,curl,0,getpid,0.252
8351.018887353,0.147490536,30433,curl,0,getpid,0.264
8351.018948155,0.147551338,30433,curl,0,getpid,0.269
8351.019006179,0.147609362,30433,curl,0,getpid,0.287
8351.019197904,0.147801087,30433,curl,0,getpid,0.291
8351.019255626,0.147858809,30433,curl,0,getpid,0.285
8351.019334696,0.147937879,30433,curl,0,getpid,0.266
8351.019440619,0.148043802,30433,curl,0,getpid,0.375
8351.019535846,0.148139029,30433,curl,0,brk,2.175
8351.019600891,0.148204074,30433,curl,0,getpid,0.277
8351.019690750,0.148293933,30433,curl,0,sendto,202.216
8351.020465200,0.149068383,30433,curl,0,recvfrom,2.887
8351.020534471,0.149137654,30433,curl,0,openat,18.089
8351.020612273,0.149215456,30433,curl,0,fstat,1.890
8351.020671974,0.149275157,30433,curl,0,read,2.838
8351.020933627,0.149536810,30433,curl,0,brk,3.383
8351.021065168,0.149668351,30433,curl,0,read,1.725
8351.021358949,0.149962132,30433,curl,0,read,1.337
8351.021479891,0.150083074,30433,curl,0,read,1.227
8351.021637943,0.150241126,30433,curl,0,read,1.025
8351.021776093,0.150379276,30433,curl,0,read,1.115
8351.021909604,0.150512787,30433,curl,0,read,12.849
8351.022027590,0.150630773,30433,curl,0,read,0.961
8351.022236950,0.150840133,30433,curl,0,read,1.124
8351.022352754,0.150955937,30433,curl,0,brk,2.887
8351.022478228,0.151081411,30433,curl,0,read,1.376
8351.022610402,0.151213585,30433,curl,0,read,1.412
8351.022745388,0.151348571,30433,curl,0,read,1.145
8351.022880532,0.151483715,30433,curl,0,read,1.071
8351.022993679,0.151596862,30433,curl,0,read,1.176
8351.023204839,0.151808022,30433,curl,0,read,1.250
8351.023343152,0.151946335,30433,curl,0,read,1.080
8351.023458775,0.152061958,30433,curl,0,read,1.282
8351.023581917,0.152185100,30433,curl,0,read,1.321
8351.023666405,0.152269588,30433,curl,0,brk,1.783
8351.023778929,0.152382112,30433,curl,0,read,1.158
8351.023929597,0.152532780,30433,curl,0,read,1.166
8351.024041875,0.152645058,30433,curl,0,read,1.123
8351.024273542,0.152876725,30433,curl,0,read,1.275
8351.024412889,0.153016072,30433,curl,0,read,1.194
8351.024520605,0.153123788,30433,curl,0,read,1.071
8351.024674845,0.153278028,30433,curl,0,read,1.118
8351.024782199,0.153385382,30433,curl,0,brk,1.600
8351.024865682,0.153468865,30433,curl,0,read,1.244
8351.024997753,0.153600936,30433,curl,0,read,1.106
8351.025228592,0.153831775,30433,curl,0,read,1.261
8351.025343260,0.153946443,30433,curl,0,read,1.236
8351.025457858,0.154061041,30433,curl,0,read,1.103
8351.025571191,0.154174374,30433,curl,0,read,1.020
8351.025697255,0.154300438,30433,curl,0,read,1.464
8351.025815137,0.154418320,30433,curl,0,read,1.223
8351.025946923,0.154550106,30433,curl,0,read,1.238
8351.026078709,0.154681892,30433,curl,0,brk,1.634
8351.026223734,0.154826917,30433,curl,0,read,1.360
8351.026334708,0.154937891,30433,curl,0,read,1.167
8351.026459338,0.155062521,30433,curl,0,read,1.234
8351.026615361,0.155218544,30433,curl,0,read,1.430
8351.026795034,0.155398217,30433,curl,0,read,2.920
8351.026934092,0.155537275,30433,curl,0,read,1.070
8351.027059599,0.155662782,30433,curl,0,read,1.044
8351.027301377,0.155904560,30433,curl,0,read,1.432
8351.027430727,0.156033910,30433,curl,0,read,1.090
8351.027515525,0.156118708,30433,curl,0,brk,4.511
8351.027604148,0.156207331,30433,curl,0,read,1.195
8351.027711463,0.156314646,30433,curl,0,read,1.367
8351.027821436,0.156424619,30433,curl,0,read,1.132
8351.028006188,0.156609371,30433,curl,0,read,1.520
8351.028206402,0.156809585,30433,curl,0,read,1.316
8351.028364728,0.156967911,30433,curl,0,read,1.093
8351.028472875,0.157076058,30433,curl,0,read,1.125
8351.028617723,0.157220906,30433,curl,0,read,1.351
8351.028722142,0.157325325,30433,curl,0,read,1.139
8351.028839633,0.157442816,30433,curl,0,brk,2.111
8351.028901028,0.157504211,30433,curl,0,read,1.164
8351.029023253,0.157626436,30433,curl,0,read,1.089
8351.029187953,0.157791136,30433,curl,0,read,1.392
8351.029422786,0.158025969,30433,curl,0,read,1.226
8351.029506031,0.158109214,30433,curl,0,read,0.541
8351.029561848,0.158165031,30433,curl,0,close,4.231
8351.029717666,0.158320849,30433,curl,0,rt_sigaction,1.063
8351.029777758,0.158380941,30433,curl,0,poll,52667.142
8351.082565790,0.211168973,30433,curl,0,rt_sigaction,1.457
8351.082625563,0.211228746,30433,curl,0,rt_sigaction,0.903
8351.082693525,0.211296708,30433,curl,0,recvfrom,4.491
8351.082756922,0.211360105,30433,curl,0,recvfrom,0.755
8351.083000650,0.211603833,30433,curl,0,recvfrom,1.168
8351.083142427,0.211745610,30433,curl,0,recvfrom,0.765
8351.083198174,0.211801357,30433,curl,0,recvfrom,0.658
8351.083251345,0.211854528,30433,curl,0,recvfrom,0.647
8351.083316386,0.211919569,30433,curl,0,recvfrom,0.652
8351.083369847,0.211973030,30433,curl,0,recvfrom,4.832
8351.083607138,0.212210321,30433,curl,0,openat,14.648
8351.083689746,0.212292929,30433,curl,0,fstat,1.875
8351.083745625,0.212348808,30433,curl,0,fstat,0.506
8351.083800595,0.212403778,30433,curl,0,read,2.363
8351.083857394,0.212460577,30433,curl,0,lseek,0.790
8351.083910051,0.212513234,30433,curl,0,read,0.678
8351.083964022,0.212567205,30433,curl,0,lseek,0.361
8351.084140913,0.212744096,30433,curl,0,close,2.510
8351.084847371,0.213450554,30433,curl,0,recvfrom,1.535
8351.084906075,0.213509258,30433,curl,0,recvfrom,0.732
8351.085074183,0.213677366,30433,curl,0,recvfrom,0.976
8351.085232624,0.213835807,30433,curl,0,recvfrom,1.626
8351.085332793,0.213935976,30433,curl,0,sendto,202.397
8351.085840152,0.214443335,30433,curl,0,syscall_51,1.840
8351.085927680,0.214530863,30433,curl,0,sendto,519.729
8351.086520782,0.215123965,30433,curl,0,brk,7.697
8351.086594705,0.215197888,30433,curl,0,recvfrom,1.262
8351.086655001,0.215258184,30433,curl,0,rt_sigaction,1.250
8351.086712430,0.215315613,30433,curl,0,poll,53142.442
8351.139929107,0.268532290,30433,curl,0,rt_sigaction,1.589
8351.139989044,0.268592227,30433,curl,0,rt_sigaction,0.809
8351.140135260,0.268738443,30433,curl,0,recvfrom,6.273
8351.140283280,0.268886463,30433,curl,0,recvfrom,0.652
8351.140345967,0.268949150,30433,curl,0,rt_sigaction,0.463
8351.140423787,0.269026970,30433,curl,0,poll,3025.831
8351.143509447,0.272112630,30433,curl,0,rt_sigaction,0.541
8351.143562390,0.272165573,30433,curl,0,rt_sigaction,0.554
8351.143618068,0.272221251,30433,curl,0,recvfrom,1.069
8351.143674138,0.272277321,30433,curl,0,rt_sigaction,0.358
8351.143728930,0.272332113,30433,curl,0,poll,5865.417
8351.149664731,0.278267914,30433,curl,0,rt_sigaction,0.857
8351.149724800,0.278327983,30433,curl,0,rt_sigaction,0.728
8351.149787240,0.278390423,30433,curl,0,recvfrom,190.818
8351.150131377,0.278734560,30433,curl,0,recvfrom,0.848
8351.150199468,0.278802651,30433,curl,0,sendto,353.238
8351.150614784,0.279217967,30433,curl,0,rt_sigaction,0.574
8351.150674881,0.279278064,30433,curl,0,poll,3455.360
8351.154207950,0.282811133,30433,curl,0,rt_sigaction,0.912
8351.154267552,0.282870735,30433,curl,0,rt_sigaction,0.524
8351.154330036,0.282933219,30433,curl,0,recvfrom,3.009
8351.154422258,0.283025441,30433,curl,0,fstat,2.961
8351.154492660,0.283095843,30433,curl,0,rt_sigaction,0.417
8351.154547622,0.283150805,30433,curl,0,rt_sigaction,0.330
8351.154601837,0.283205020,30433,curl,0,write,10.855
8351.154665769,0.283268952,30433,curl,0,rt_sigaction,0.318
8351.154718443,0.283321626,30433,curl,0,rt_sigaction,0.318
8351.154772683,0.283375866,30433,curl,0,rt_sigaction,0.304
8351.154825544,0.283428727,30433,curl,0,rt_sigaction,0.323
8351.154882953,0.283486136,30433,curl,0,rt_sigaction,0.343
8351.154944054,0.283547237,30433,curl,0,close,5.682
8351.155009339,0.283612522,30433,curl,0,close,1.347
8351.155152073,0.283755256,30433,curl,0,rt_sigaction,0.314
8351.155208643,0.283811826,30433,curl,0,rt_sigaction,0.296
8351.155262592,0.283865775,30433,curl,0,rt_sigaction,0.304
8351.155321589,0.283924772,30433,curl,0,sendto,194.561
8351.155575926,0.284179109,30433,curl,0,recvfrom,0.804
8351.155637805,0.284240988,30433,curl,0,sendto,340.745
8351.156114160,0.284717343,30433,curl,0,recvfrom,0.732
8351.156514250,0.285117433,30433,curl,0,close,398.531
8351.157149717,0.285752900,30433,curl,0,rt_sigaction,0.759
8350.888233876,0.016837059,30432,bash,0,wait4,269628.939
8351.157952953,0.286556136,30432,bash,0,rt_sigaction,0.513
8351.158116742,0.286719925,30432,bash,0,ioctl,1.904
8351.158184818,0.286788001,30432,bash,0,rt_sigprocmask,0.522
8351.158247415,0.286850598,30432,bash,0,wait4,0.610
8351.158304821,0.286908004,30432,bash,0,syscall_-1,0.889
8351.158393495,0.286996678,30432,bash,0,newfstatat,5.428
8351.158453531,0.287056714,30432,bash,0,newfstatat,3.738
8351.158511154,0.287114337,30432,bash,0,newfstatat,1.552
8351.158573845,0.287177028,30432,bash,0,newfstatat,2.152
8351.158632128,0.287235311,30432,bash,0,newfstatat,1.113
8351.158689768,0.287292951,30432,bash,0,syscall_107,0.335
8351.158746806,0.287349989,30432,bash,0,syscall_108,0.295
8351.158802864,0.287406047,30432,bash,0,syscall_102,0.300
8351.158858845,0.287462028,30432,bash,0,syscall_104,0.322
8351.158915258,0.287518441,30432,bash,0,access,1.835
8351.158975336,0.287578519,30432,bash,0,newfstatat,1.153
8351.159123398,0.287726581,30432,bash,0,syscall_107,0.303
8351.159176331,0.287779514,30432,bash,0,syscall_108,0.256
8351.159231685,0.287834868,30432,bash,0,syscall_102,0.283
8351.159287657,0.287890840,30432,bash,0,syscall_104,0.292
8351.159343408,0.287946591,30432,bash,0,access,1.449
8351.159402803,0.288005986,30432,bash,0,rt_sigprocmask,0.320
8351.159459946,0.288063129,30432,bash,0,rt_sigprocmask,0.349
8351.159516940,0.288120123,30432,bash,0,rt_sigprocmask,0.312
8351.159572878,0.288176061,30432,bash,0,clone,56.960
8351.159695454,0.288298637,30432,bash,0,rt_sigprocmask,0.517
8351.159757392,0.288360575,30432,bash,0,rt_sigprocmask,0.395
8351.159832113,0.288435296,30432,bash,0,rt_sigprocmask,0.389
8351.159891615,0.288494798,30432,bash,0,rt_sigprocmask,0.309
8351.159948173,0.288551356,30432,bash,0,rt_sigprocmask,0.347
8351.160005434,0.288608617,30432,bash,0,rt_sigaction,0.483
8351.160169211,0.288772394,30435,bash,0,syscall_273,0.700
8351.160235046,0.288838229,30435,bash,0,rt_sigprocmask,0.439
8351.160303191,0.288906374,30435,bash,0,getpid,0.537
8351.160363235,0.288966418,30435,bash,0,rt_sigprocmask,0.297
8351.160417592,0.289020775,30435,bash,0,rt_sigaction,0.337
8351.160470359,0.289073542,30435,bash,0,rt_sigaction,0.292
8351.160524157,0.289127340,30435,bash,0,rt_sigaction,0.300
8351.160578394,0.289181577,30435,bash,0,rt_sigaction,0.286
8351.160633177,0.289236360,30435,bash,0,rt_sigaction,0.426
8351.160685815,0.289288998,30435,bash,0,rt_sigaction,0.387
8351.160777727,0.289380910,30435,bash,0,openat,19.315
8351.160856476,0.289459659,30435,bash,0,dup2,1.170
8351.160913742,0.289516925,30435,bash,0,close,0.596
8351.160970830,0.289574013,30435,grep,0,execve,108.539
8351.161226234,0.289829417,30435,grep,0,brk,0.580
8351.162126986,0.290730169,30435,grep,0,access,3.388
8351.162188845,0.290792028,30435,grep,0,openat,2.580
8351.162245468,0.290848651,30435,grep,0,fstat,1.925
8351.162299416,0.290902599,30435,grep,0,mmap,2.986
8351.162354878,0.290958061,30435,grep,0,close,0.440
8351.162411365,0.291014548,30435,grep,0,openat,3.870
8351.162468799,0.291071982,30435,grep,0,read,1.901
8351.162522879,0.291126062,30435,grep,0,fstat,0.525
8351.162576015,0.291179198,30435,grep,0,mmap,1.774
8351.162633143,0.291236326,30435,grep,0,mmap,1.545
8351.162688482,0.291291665,30435,grep,0,mmap,3.925
8351.162748751,0.291351934,30435,grep,0,mmap,2.984
8351.162808263,0.291411446,30435,grep,0,mmap,2.400
8351.162873575,0.291476758,30435,grep,0,close,0.460
8351.162933216,0.291536399,30435,grep,0,openat,2.065
8351.162991125,0.291594308,30435,grep,0,read,0.831
8351.163119955,0.291723138,30435,grep,0,pread64,0.762
8351.163173809,0.291776992,30435,grep,0,fstat,0.514
8351.163226669,0.291829852,30435,grep,0,pread64,0.628
8351.163279559,0.291882742,30435,grep,0,mmap,5.287
8351.163338337,0.291941520,30435,grep,0,mmap,4.080
8351.163394652,0.291997835,30435,grep,0,mmap,4.149
8351.163451730,0.292054913,30435,grep,0,mmap,3.438
8351.163510405,0.292113588,30435,grep,0,mmap,1.990
8351.163571438,0.292174621,30435,grep,0,close,0.458
8351.163631966,0.292235149,30435,grep,0,mmap,1.613
8351.163691317,0.292294500,30435,grep,0,syscall_158,0.737
8351.163748201,0.292351384,30435,grep,0,syscall_218,0.463
8351.163805302,0.292408485,30435,grep,0,syscall_273,0.277
8351.163861438,0.292464621,30435,grep,0,syscall_334,0.483
8351.163958097,0.292561280,30435,grep,0,mprotect,6.130
8351.164127380,0.292730563,30435,grep,0,mprotect,3.105
8351.164215081,0.292818264,30435,grep,0,mprotect,2.962
8351.164279949,0.292883132,30435,grep,0,mprotect,6.489
8351.164351243,0.292954426,30435,grep,0,syscall_302,0.818
8351.164419281,0.293022464,30435,grep,0,syscall_318,0.838
8351.164479604,0.293082787,30435,grep,0,munmap,5.897
8351.164559802,0.293162985,30435,grep,0,brk,0.412
8351.164616713,0.293219896,30435,grep,0,brk,1.974
8351.164680340,0.293283523,30435,grep,0,openat,3.795
8351.164743496,0.293346679,30435,grep,0,openat,2.920
8351.164805062,0.293408245,30435,grep,0,fstat,0.886
8351.164863725,0.293466908,30435,grep,0,read,1.632
8351.164930935,0.293534118,30435,grep,0,read,0.513
8351.164989041,0.293592224,30435,grep,0,close,1.007
8351.165117484,0.293720667,30435,grep,0,openat,1.519
8351.165173677,0.293776860,30435,grep,0,openat,2.278
8351.165228089,0.293831272,30435,grep,0,fstat,0.520
8351.165280799,0.293883982,30435,grep,0,mmap,2.872
8351.165335915,0.293939098,30435,grep,0,close,0.349
8351.165392201,0.293995384,30435,grep,0,openat,1.700
8351.165449095,0.294052278,30435,grep,0,openat,1.644
8351.165503305,0.294106488,30435,grep,0,fstat,0.526
8351.165557759,0.294160942,30435,grep,0,read,0.839
8351.165625957,0.294229140,30435,grep,0,read,0.520
8351.165678905,0.294282088,30435,grep,0,close,0.694
8351.165733344,0.294336527,30435,grep,0,openat,2.793
8351.165788668,0.294391851,30435,grep,0,fstat,0.510
8351.165843690,0.294446873,30435,grep,0,syscall_217,8.112
8351.165907855,0.294511038,30435,grep,0,openat,1.807
8351.165962038,0.294565221,30435,grep,0,fstat,0.637
8351.166108889,0.294712072,30435,grep,0,read,1.370
8351.166186592,0.294789775,30435,grep,0,read,0.890
8351.166276309,0.294879492,30435,grep,0,read,0.886
8351.166366721,0.294969904,30435,grep,0,read,0.872
8351.166459327,0.295062510,30435,grep,0,read,0.834
8351.166555323,0.295158506,30435,grep,0,read,1.002
8351.166649917,0.295253100,30435,grep,0,read,1.013
8351.166757541,0.295360724,30435,grep,0,read,0.952
8351.166864634,0.295467817,30435,grep,0,read,0.820
8351.166953736,0.295556919,30435,grep,0,brk,2.138
8351.167035915,0.295639098,30435,grep,0,read,0.920
8351.167215923,0.295819106,30435,grep,0,read,1.194
8351.167344649,0.295947832,30435,grep,0,read,1.068
8351.167472034,0.296075217,30435,grep,0,read,0.850
8351.167599912,0.296203095,30435,grep,0,read,0.866
8351.167670396,0.296273579,30435,grep,0,read,0.489
8351.167723959,0.296327142,30435,grep,0,close,1.067
8351.167777596,0.296380779,30435,grep,0,syscall_217,4.325
8351.167834331,0.296437514,30435,grep,0,close,1.567
8351.167911888,0.296515071,30435,grep,0,syscall_202,1.448
8351.167969490,0.296572673,30435,grep,0,openat,2.101
8351.168110739,0.296713922,30435,grep,0,openat,2.799
8351.168172065,0.296775248,30435,grep,0,fstat,0.949
8351.168228753,0.296831936,30435,grep,0,mmap,6.672
8351.168291216,0.296894399,30435,grep,0,close,0.382
8351.168354589,0.296957772,30435,grep,0,openat,1.225
8351.168414237,0.297017420,30435,grep,0,openat,1.931
8351.168474706,0.297077889,30435,grep,0,fstat,0.548
8351.168527210,0.297130393,30435,grep,0,mmap,1.922
8351.168581221,0.297184404,30435,grep,0,close,0.291
8351.168637967,0.297241150,30435,grep,0,openat,1.122
8351.168691629,0.297294812,30435,grep,0,openat,1.695
8351.168745421,0.297348604,30435,grep,0,fstat,0.500
8351.168798445,0.297401628,30435,grep,0,mmap,1.687
8351.168853439,0.297456622,30435,grep,0,close,0.307
8351.168908680,0.297511863,30435,grep,0,openat,1.132
8351.168962289,0.297565472,30435,grep,0,openat,1.948
8351.169099526,0.297702709,30435,grep,0,fstat,0.566
8351.169158600,0.297761783,30435,grep,0,mmap,4.616
8351.169219456,0.297822639,30435,grep,0,close,0.326
8351.169278833,0.297882016,30435,grep,0,openat,1.438
8351.169337515,0.297940698,30435,grep,0,openat,2.200
8351.169395583,0.297998766,30435,grep,0,fstat,0.561
8351.169454286,0.298057469,30435,grep,0,mmap,1.769
8351.169508353,0.298111536,30435,grep,0,close,0.297
8351.169564497,0.298167680,30435,grep,0,openat,1.103
8351.169617923,0.298221106,30435,grep,0,openat,2.281
8351.169672370,0.298275553,30435,grep,0,fstat,0.532
8351.169724867,0.298328050,30435,grep,0,close,0.822
8351.169779117,0.298382300,30435,grep,0,openat,1.963
8351.169843708,0.298446891,30435,grep,0,fstat,0.542
8351.169896767,0.298499950,30435,grep,0,mmap,2.017
8351.169951043,0.298554226,30435,grep,0,close,0.384
8351.170007559,0.298610742,30435,grep,0,openat,1.145
8351.170133993,0.298737176,30435,grep,0,openat,1.977
8351.170191701,0.298794884,30435,grep,0,fstat,0.547
8351.170248226,0.298851409,30435,grep,0,mmap,2.191
8351.170307644,0.298910827,30435,grep,0,close,0.328
8351.170368786,0.298971969,30435,grep,0,openat,1.275
8351.170426403,0.299029586,30435,grep,0,openat,4.958
8351.170484511,0.299087694,30435,grep,0,fstat,0.498
8351.170538513,0.299141696,30435,grep,0,mmap,1.632
8351.170592753,0.299195936,30435,grep,0,close,0.294
8351.170648617,0.299251800,30435,grep,0,openat,1.430
8351.170702665,0.299305848,30435,grep,0,openat,1.820
8351.170757624,0.299360807,30435,grep,0,fstat,0.551
8351.170810431,0.299413614,30435,grep,0,mmap,1.755
8351.170864442,0.299467625,30435,grep,0,close,0.283
8351.170920055,0.299523238,30435,grep,0,openat,1.146
8351.170974596,0.299577779,30435,grep,0,openat,1.773
8351.171112549,0.299715732,30435,grep,0,fstat,0.585
8351.171169281,0.299772464,30435,grep,0,mmap,3.577
8351.171230588,0.299833771,30435,grep,0,close,0.328
8351.171291561,0.299894744,30435,grep,0,openat,1.422
8351.171352129,0.299955312,30435,grep,0,openat,2.259
8351.171413937,0.300017120,30435,grep,0,fstat,0.890
8351.171472491,0.300075674,30435,grep,0,mmap,2.488
8351.171532220,0.300135403,30435,grep,0,close,0.311
8351.171774264,0.300377447,30435,grep,0,openat,17.316
8351.171860303,0.300463486,30435,grep,0,mmap,2.663
8351.171924597,0.300527780,30435,grep,0,lseek,0.729
8351.171977490,0.300580673,30435,grep,0,read,17.593
8351.172124905,0.300728088,30435,grep,0,read,0.662
8351.172183497,0.300786680,30435,grep,0,close,2.549
8351.172245218,0.300848401,30435,grep,0,munmap,4.292
8351.172306132,0.300909315,30435,grep,0,syscall_131,1.210
8351.172363945,0.300967128,30435,grep,0,rt_sigaction,0.456
8351.172421865,0.301025048,30435,grep,0,rt_sigaction,0.298
8351.172483032,0.301086215,30435,grep,0,fstat,1.243
8351.172569197,0.301172380,30435,grep,0,brk,1.979
8351.172626099,0.301229282,30435,grep,0,openat,3.531
8351.172683743,0.301286926,30435,grep,0,fstat,0.538
8351.172736867,0.301340050,30435,grep,0,read,3.703
8351.172824476,0.301427659,30435,grep,0,fstat,0.545
8351.172880560,0.301483743,30435,grep,0,read,0.520
8351.172934979,0.301538162,30435,grep,0,close,0.761
8351.172988669,0.301591852,30435,grep,0,write,5.049
8351.173128204,0.301731387,30435,grep,0,close,0.912
8351.173187793,0.301790976,30435,grep,0,close,0.487
8351.160157932,0.288761115,30432,bash,0,wait4,13159.474
8351.173390485,0.301993668,30432,bash,0,rt_sigaction,0.477
8351.173449808,0.302052991,30432,bash,0,ioctl,1.734
8351.173510248,0.302113431,30432,bash,0,rt_sigprocmask,0.528
8351.173566642,0.302169825,30432,bash,0,wait4,0.670
8351.173619720,0.302222903,30432,bash,0,syscall_-1,1.062
8351.173694110,0.302297293,30432,bash,0,newfstatat,2.813
8351.173752279,0.302355462,30432,bash,0,newfstatat,2.415
8351.173808369,0.302411552,30432,bash,0,newfstatat,1.445
8351.173862869,0.302466052,30432,bash,0,newfstatat,1.911
8351.173917865,0.302521048,30432,bash,0,newfstatat,1.071
8351.173972574,0.302575757,30432,bash,0,syscall_107,0.295
8351.174194572,0.302797755,30432,bash,0,syscall_108,0.622
8351.174304069,0.302907252,30432,bash,0,syscall_102,0.427
8351.174378880,0.302982063,30432,bash,0,syscall_104,1.212
8351.174463695,0.303066878,30432,bash,0,access,3.851
8351.174532236,0.303135419,30432,bash,0,newfstatat,1.846
8351.174597392,0.303200575,30432,bash,0,syscall_107,0.352
8351.174661599,0.303264782,30432,bash,0,syscall_108,0.316
8351.174722996,0.303326179,30432,bash,0,syscall_102,0.331
8351.174788826,0.303392009,30432,bash,0,syscall_104,0.301
8351.174850520,0.303453703,30432,bash,0,access,1.227
8351.174929418,0.303532601,30432,bash,0,rt_sigaction,0.684
8351.175007612,0.303610795,30432,bash,0,rt_sigaction,0.441
8351.175160542,0.303763725,30432,bash,0,rt_sigaction,0.464
8351.175225537,0.303828720,30432,wc,0,execve,129.207
8351.175449280,0.304052463,30432,wc,0,brk,0.474
8351.176429211,0.305032394,30432,wc,0,access,3.952
8351.176510904,0.305114087,30432,wc,0,openat,2.835
8351.176569892,0.305173075,30432,wc,0,fstat,1.198
8351.176627246,0.305230429,30432,wc,0,mmap,3.148
8351.176689398,0.305292581,30432,wc,0,close,0.591
8351.176749590,0.305352773,30432,wc,0,openat,2.045
8351.176807624,0.305410807,30432,wc,0,read,1.214
8351.176864380,0.305467563,30432,wc,0,pread64,0.767
8351.176920416,0.305523599,30432,wc,0,fstat,0.520
8351.176977818,0.305581001,30432,wc,0,mmap,1.976
8351.177114526,0.305717709,30432,wc,0,pread64,0.622
8351.177171182,0.305774365,30432,wc,0,mmap,2.996
8351.177232723,0.305835906,30432,wc,0,mmap,4.716
8351.177292006,0.305895189,30432,wc,0,mmap,4.151
8351.177350260,0.305953443,30432,wc,0,mmap,5.721
8351.177413740,0.306016923,30432,wc,0,mmap,2.010
8351.177490399,0.306093582,30432,wc,0,close,0.459
8351.177550561,0.306153744,30432,wc,0,mmap,1.749
8351.177612841,0.306216024,30432,wc,0,syscall_158,0.388
8351.177670188,0.306273371,30432,wc,0,syscall_218,0.421
8351.177724308,0.306327491,30432,wc,0,syscall_273,0.273
8351.177777155,0.306380338,30432,wc,0,syscall_334,0.460
8351.177860932,0.306464115,30432,wc,0,mprotect,3.794
8351.177929867,0.306533050,30432,wc,0,mprotect,2.557
8351.177989064,0.306592247,30432,wc,0,mprotect,3.033
8351.178124372,0.306727555,30432,wc,0,syscall_302,0.658
8351.178184811,0.306787994,30432,wc,0,syscall_318,0.738
8351.178239131,0.306842314,30432,wc,0,munmap,5.026
8351.178449798,0.307052981,30432,wc,0,brk,0.452
8351.178503139,0.307106322,30432,wc,0,brk,1.632
8351.178565296,0.307168479,30432,wc,0,openat,3.057
8351.178628875,0.307232058,30432,wc,0,openat,2.438
8351.178685418,0.307288601,30432,wc,0,fstat,0.634
8351.178739583,0.307342766,30432,wc,0,read,1.462
8351.178799810,0.307402993,30432,wc,0,read,0.487
8351.178852669,0.307455852,30432,wc,0,close,0.842
8351.178909558,0.307512741,30432,wc,0,openat,1.378
8351.178963225,0.307566408,30432,wc,0,openat,2.038
8351.179018942,0.307622125,30432,wc,0,fstat,0.530
8351.179071215,0.307674398,30432,wc,0,mmap,4.406
8351.179127460,0.307730643,30432,wc,0,close,0.307
8351.179181381,0.307784564,30432,wc,0,openat,1.826
8351.179238618,0.307841801,30432,wc,0,openat,1.603
8351.179292879,0.307896062,30432,wc,0,fstat,0.523
8351.179346731,0.307949914,30432,wc,0,read,0.901
8351.179517890,0.308121073,30432,wc,0,read,0.622
8351.179571837,0.308175020,30432,wc,0,close,0.921
8351.179627095,0.308230278,30432,wc,0,openat,2.896
8351.179682056,0.308285239,30432,wc,0,fstat,0.579
8351.179737069,0.308340252,30432,wc,0,syscall_217,6.047
8351.179798835,0.308402018,30432,wc,0,openat,1.821
8351.179852987,0.308456170,30432,wc,0,fstat,0.537
8351.179906729,0.308509912,30432,wc,0,read,1.103
8351.179980592,0.308583775,30432,wc,0,read,0.839
8351.180147854,0.308751037,30432,wc,0,read,0.997
8351.180240775,0.308843958,30432,wc,0,read,0.837
8351.180327268,0.308930451,30432,wc,0,read,0.811
8351.180419930,0.309023113,30432,wc,0,read,1.019
8351.180515116,0.309118299,30432,wc,0,read,0.792
8351.180614631,0.309217814,30432,wc,0,read,0.844
8351.180717216,0.309320399,30432,wc,0,read,0.899
8351.180801654,0.309404837,30432,wc,0,brk,2.089
8351.180879533,0.309482716,30432,wc,0,read,0.813
8351.180985471,0.309588654,30432,wc,0,read,1.068
8351.181207656,0.309810839,30432,wc,0,read,0.872
8351.181323888,0.309927071,30432,wc,0,read,0.714
8351.181453519,0.310056702,30432,wc,0,read,0.764
8351.181521644,0.310124827,30432,wc,0,read,0.476
8351.181574574,0.310177757,30432,wc,0,close,0.964
8351.181627717,0.310230900,30432,wc,0,syscall_217,2.543
8351.181683502,0.310286685,30432,wc,0,close,1.097
8351.181758750,0.310361933,30432,wc,0,syscall_202,1.102
8351.181816191,0.310419374,30432,wc,0,openat,2.084
8351.181870766,0.310473949,30432,wc,0,openat,2.300
8351.181926312,0.310529495,30432,wc,0,fstat,0.646
8351.181979043,0.310582226,30432,wc,0,mmap,3.240
8351.182104982,0.310708165,30432,wc,0,close,0.398
8351.182163963,0.310767146,30432,wc,0,openat,1.458
8351.182217700,0.310820883,30432,wc,0,openat,1.805
8351.182271990,0.310875173,30432,wc,0,fstat,0.544
8351.182369706,0.310972889,30432,wc,0,mmap,2.424
8351.182429909,0.311033092,30432,wc,0,close,0.353
8351.182490128,0.311093311,30432,wc,0,openat,1.636
8351.182548592,0.311151775,30432,wc,0,openat,1.925
8351.182614660,0.311217843,30432,wc,0,fstat,0.591
8351.182672548,0.311275731,30432,wc,0,mmap,1.509
8351.182726067,0.311329250,30432,wc,0,close,0.298
8351.182780884,0.311384067,30432,wc,0,openat,1.191
8351.182834254,0.311437437,30432,wc,0,openat,1.657
8351.182889754,0.311492937,30432,wc,0,fstat,0.527
8351.182942040,0.311545223,30432,wc,0,mmap,1.594
8351.182995634,0.311598817,30432,wc,0,close,0.285
8351.183122586,0.311725769,30432,wc,0,openat,1.323
8351.183176391,0.311779574,30432,wc,0,openat,1.781
8351.183230144,0.311833327,30432,wc,0,fstat,0.509
8351.183282263,0.311885446,30432,wc,0,mmap,1.533
8351.183343983,0.311947166,30432,wc,0,close,0.345
8351.183399479,0.312002662,30432,wc,0,openat,1.230
8351.183459385,0.312062568,30432,wc,0,openat,2.288
8351.183518574,0.312121757,30432,wc,0,fstat,0.556
8351.183576241,0.312179424,30432,wc,0,close,0.889
8351.183633002,0.312236185,30432,wc,0,openat,1.884
8351.183686786,0.312289969,30432,wc,0,fstat,0.519
8351.183738980,0.312342163,30432,wc,0,mmap,1.536
8351.183793899,0.312397082,30432,wc,0,close,0.307
8351.183848783,0.312451966,30432,wc,0,openat,1.121
8351.183901994,0.312505177,30432,wc,0,openat,1.638
8351.183955513,0.312558696,30432,wc,0,fstat,0.509
8351.184008891,0.312612074,30432,wc,0,mmap,1.698
8351.184130477,0.312733660,30432,wc,0,close,0.304
8351.184187147,0.312790330,30432,wc,0,openat,1.295
8351.184240732,0.312843915,30432,wc,0,openat,1.621
8351.184300488,0.312903671,30432,wc,0,fstat,0.536
8351.184358459,0.312961642,30432,wc,0,mmap,2.205
8351.184418604,0.313021787,30432,wc,0,close,0.437
8351.184481088,0.313084271,30432,wc,0,openat,1.759
8351.184536383,0.313139566,30432,wc,0,openat,1.741
8351.184590582,0.313193765,30432,wc,0,fstat,0.508
8351.184643095,0.313246278,30432,wc,0,mmap,4.123
8351.184700385,0.313303568,30432,wc,0,close,0.294
8351.184756681,0.313359864,30432,wc,0,openat,1.154
8351.184810078,0.313413261,30432,wc,0,openat,1.810
8351.184864309,0.313467492,30432,wc,0,fstat,0.539
8351.184917173,0.313520356,30432,wc,0,mmap,1.744
8351.184972544,0.313575727,30432,wc,0,close,0.293
8351.185118875,0.313722058,30432,wc,0,openat,1.489
8351.185174088,0.313777271,30432,wc,0,openat,1.854
8351.185229034,0.313832217,30432,wc,0,fstat,0.542
8351.185289445,0.313892628,30432,wc,0,mmap,2.007
8351.185343548,0.313946731,30432,wc,0,close,0.318
8351.185407125,0.314010308,30432,wc,0,openat,3.177
8351.185530040,0.314133223,30432,wc,0,syscall_221,0.846
8351.185652301,0.314255484,30432,wc,0,read,1.656
8351.185708749,0.314311932,30432,wc,0,read,0.525
8351.185763188,0.314366371,30432,wc,0,fstat,0.909
8351.185818578,0.314421761,30432,wc,0,write,6.599
8351.185883682,0.314486865,30432,wc,0,close,0.918
8351.185938290,0.314541473,30432,wc,0,close,0.500
8351.185992016,0.314595199,30432,wc,0,close,0.329
