bin_index,start_time_us,end_time_us,waiting_time_us,running_time_us,waiting_pct,running_pct
0,94350770,94351270,29,471,5.800000000000001,94.2
1,94351270,94351770,160,340,32.0,68.0
2,94351770,94352270,0,500,0.0,100.0
3,94352270,94352770,0,500,0.0,100.0
4,94352770,94353270,0,500,0.0,100.0
5,94353270,94353770,19,481,3.8,96.2
6,94353770,94354270,18,482,3.5999999999999996,96.4
7,94354270,94354770,13,487,2.6,97.4
8,94354770,94355270,30,470,6.0,94.0
9,94355270,94355770,22,478,4.3999999999999995,95.6
10,94355770,94356270,27,473,5.4,94.6
11,94356270,94356770,16,484,3.2,96.8
12,94356770,94357270,0,500,0.0,100.0
13,94357270,94357770,8,492,1.6,98.4
14,94357770,94358270,13,487,2.6,97.4
15,94358270,94358770,58,442,11.600000000000001,88.4
16,94358770,94359270,0,500,0.0,100.0
17,94359270,94359770,49,451,9.8,90.2
18,94359770,94360270,8,492,1.6,98.4
19,94360270,94360770,19,481,3.8,96.2
20,94360770,94361270,34,466,6.800000000000001,93.2
21,94361270,94361770,25,475,5.0,95.0
22,94361770,94362270,20,480,4.0,96.0
23,94362270,94362770,22,478,4.3999999999999995,95.6
24,94362770,94363270,12,488,2.4,97.6
25,94363270,94363770,21,479,4.2,95.8
26,94363770,94364270,5,495,1.0,99.0
27,94364270,94364770,30,470,6.0,94.0
28,94364770,94365270,10,490,2.0,98.0
29,94365270,94365770,6,494,1.2,98.8
30,94365770,94366270,4,496,0.8,99.2
31,94366270,94366770,4,496,0.8,99.2
32,94366770,94367270,13,487,2.6,97.4
33,94367270,94367770,7,493,1.4000000000000001,98.6
34,94367770,94368270,2,498,0.4,99.6
35,94368270,94368770,4,496,0.8,99.2
36,94368770,94369270,28,472,5.6000000000000005,94.4
37,94369270,94369770,23,477,4.6,95.4
38,94369770,94370270,25,475,5.0,95.0
39,94370270,94370770,6,494,1.2,98.8
40,94370770,94371270,23,477,4.6,95.4
41,94371270,94371770,33,467,6.6000000000000005,93.4
42,94371770,94372270,19,481,3.8,96.2
43,94372270,94372770,19,481,3.8,96.2
44,94372770,94373270,9,491,1.7999999999999998,98.2
45,94373270,94373770,17,483,3.4000000000000004,96.6
46,94373770,94374270,14,486,2.8000000000000003,97.2
47,94374270,94374770,16,484,3.2,96.8
48,94374770,94375270,13,487,2.6,97.4
49,94375270,94375770,16,484,3.2,96.8
50,94375770,94376270,6,494,1.2,98.8
51,94376270,94376770,19,481,3.8,96.2
52,94376770,94377270,10,490,2.0,98.0
53,94377270,94377770,21,479,4.2,95.8
54,94377770,94378270,12,488,2.4,97.6
55,94378270,94378770,23,477,4.6,95.4
56,94378770,94379270,40,460,8.0,92.0
57,94379270,94379770,188,312,37.6,62.4
58,94379770,94380270,500,0,100.0,0.0
59,94380270,94380770,500,0,100.0,0.0
60,94380770,94381270,500,0,100.0,0.0
61,94381270,94381770,500,0,100.0,0.0
62,94381770,94382270,500,0,100.0,0.0
63,94382270,94382770,500,0,100.0,0.0
64,94382770,94383270,500,0,100.0,0.0
65,94383270,94383770,500,0,100.0,0.0
66,94383770,94384270,500,0,100.0,0.0
67,94384270,94384770,500,0,100.0,0.0
68,94384770,94385270,500,0,100.0,0.0
69,94385270,94385770,500,0,100.0,0.0
70,94385770,94386270,500,0,100.0,0.0
71,94386270,94386770,500,0,100.0,0.0
72,94386770,94387270,500,0,100.0,0.0
73,94387270,94387770,500,0,100.0,0.0
74,94387770,94388270,500,0,100.0,0.0
75,94388270,94388770,500,0,100.0,0.0
76,94388770,94389270,500,0,100.0,0.0
77,94389270,94389770,500,0,100.0,0.0
78,94389770,94390270,500,0,100.0,0.0
79,94390270,94390770,500,0,100.0,0.0
80,94390770,94391270,500,0,100.0,0.0
81,94391270,94391770,500,0,100.0,0.0
82,94391770,94392270,500,0,100.0,0.0
83,94392270,94392770,500,0,100.0,0.0
84,94392770,94393270,500,0,100.0,0.0
85,94393270,94393770,500,0,100.0,0.0
86,94393770,94394270,500,0,100.0,0.0
87,94394270,94394770,500,0,100.0,0.0
88,94394770,94395270,500,0,100.0,0.0
89,94395270,94395770,500,0,100.0,0.0
90,94395770,94396270,500,0,100.0,0.0
91,94396270,94396770,500,0,100.0,0.0
92,94396770,94397270,500,0,100.0,0.0
93,94397270,94397770,500,0,100.0,0.0
94,94397770,94398270,500,0,100.0,0.0
95,94398270,94398770,500,0,100.0,0.0
96,94398770,94399270,500,0,100.0,0.0
97,94399270,94399770,500,0,100.0,0.0
98,94399770,94400270,500,0,100.0,0.0
99,94400270,94400770,500,0,100.0,0.0
100,94400770,94401270,500,0,100.0,0.0
101,94401270,94401770,500,0,100.0,0.0
102,94401770,94402270,500,0,100.0,0.0
103,94402270,94402770,500,0,100.0,0.0
104,94402770,94403270,500,0,100.0,0.0
105,94403270,94403770,500,0,100.0,0.0
106,94403770,94404270,500,0,100.0,0.0
107,94404270,94404770,500,0,100.0,0.0
108,94404770,94405270,500,0,100.0,0.0
109,94405270,94405770,500,0,100.0,0.0
110,94405770,94406270,500,0,100.0,0.0
111,94406270,94406770,500,0,100.0,0.0
112,94406770,94407270,500,0,100.0,0.0
113,94407270,94407770,500,0,100.0,0.0
114,94407770,94408270,500,0,100.0,0.0
115,94408270,94408770,500,0,100.0,0.0
116,94408770,94409270,500,0,100.0,0.0
117,94409270,94409770,500,0,100.0,0.0
118,94409770,94410270,500,0,100.0,0.0
119,94410270,94410770,500,0,100.0,0.0
120,94410770,94411270,500,0,100.0,0.0
121,94411270,94411770,500,0,100.0,0.0
122,94411770,94412270,500,0,100.0,0.0
123,94412270,94412770,500,0,100.0,0.0
124,94412770,94413270,500,0,100.0,0.0
125,94413270,94413770,500,0,100.0,0.0
126,94413770,94414270,500,0,100.0,0.0
127,94414270,94414770,500,0,100.0,0.0
128,94414770,94415270,500,0,100.0,0.0
129,94415270,94415770,500,0,100.0,0.0
130,94415770,94416270,500,0,100.0,0.0
131,94416270,94416770,500,0,100.0,0.0
132,94416770,94417270,500,0,100.0,0.0
133,94417270,94417770,500,0,100.0,0.0
134,94417770,94418270,500,0,100.0,0.0
135,94418270,94418770,500,0,100.0,0.0
136,94418770,94419270,500,0,100.0,0.0
137,94419270,94419770,500,0,100.0,0.0
138,94419770,94420270,500,0,100.0,0.0
139,94420270,94420770,500,0,100.0,0.0
140,94420770,94421270,500,0,100.0,0.0
141,94421270,94421770,500,0,100.0,0.0
142,94421770,94422270,500,0,100.0,0.0
143,94422270,94422770,500,0,100.0,0.0
144,94422770,94423270,500,0,100.0,0.0
145,94423270,94423770,500,0,100.0,0.0
146,94423770,94424270,500,0,100.0,0.0
147,94424270,94424770,500,0,100.0,0.0
148,94424770,94425270,500,0,100.0,0.0
149,94425270,94425770,500,0,100.0,0.0
150,94425770,94426270,500,0,100.0,0.0
151,94426270,94426770,500,0,100.0,0.0
152,94426770,94427270,500,0,100.0,0.0
153,94427270,94427770,500,0,100.0,0.0
154,94427770,94428270,500,0,100.0,0.0
155,94428270,94428770,500,0,100.0,0.0
156,94428770,94429270,500,0,100.0,0.0
157,94429270,94429770,500,0,100.0,0.0
158,94429770,94430270,500,0,100.0,0.0
159,94430270,94430770,500,0,100.0,0.0
160,94430770,94431270,500,0,100.0,0.0
161,94431270,94431770,500,0,100.0,0.0
162,94431770,94432270,500,0,100.0,0.0
163,94432270,94432770,500,0,100.0,0.0
164,94432770,94433270,500,0,100.0,0.0
165,94433270,94433770,500,0,100.0,0.0
166,94433770,94434270,500,0,100.0,0.0
167,94434270,94434770,500,0,100.0,0.0
168,94434770,94435270,500,0,100.0,0.0
169,94435270,94435770,500,0,100.0,0.0
170,94435770,94436270,500,0,100.0,0.0
171,94436270,94436770,500,0,100.0,0.0
172,94436770,94437270,500,0,100.0,0.0
173,94437270,94437770,500,0,100.0,0.0
174,94437770,94438270,500,0,100.0,0.0
175,94438270,94438770,500,0,100.0,0.0
176,94438770,94439270,500,0,100.0,0.0
177,94439270,94439770,500,0,100.0,0.0
178,94439770,94440270,500,0,100.0,0.0
179,94440270,94440770,500,0,100.0,0.0
180,94440770,94441270,500,0,100.0,0.0
181,94441270,94441770,500,0,100.0,0.0
182,94441770,94442270,500,0,100.0,0.0
183,94442270,94442770,500,0,100.0,0.0
184,94442770,94443270,500,0,100.0,0.0
185,94443270,94443770,500,0,100.0,0.0
186,94443770,94444270,500,0,100.0,0.0
187,94444270,94444770,500,0,100.0,0.0
188,94444770,94445270,500,0,100.0,0.0
189,94445270,94445770,500,0,100.0,0.0
190,94445770,94446270,500,0,100.0,0.0
191,94446270,94446770,500,0,100.0,0.0
192,94446770,94447270,500,0,100.0,0.0
193,94447270,94447770,500,0,100.0,0.0
194,94447770,94448270,500,0,100.0,0.0
195,94448270,94448770,500,0,100.0,0.0
196,94448770,94449270,500,0,100.0,0.0
197,94449270,94449770,500,0,100.0,0.0
198,94449770,94450270,500,0,100.0,0.0
199,94450270,94450770,500,0,100.0,0.0
200,94450770,94451270,500,0,100.0,0.0
201,94451270,94451770,500,0,100.0,0.0
202,94451770,94452270,500,0,100.0,0.0
203,94452270,94452770,500,0,100.0,0.0
204,94452770,94453270,500,0,100.0,0.0
205,94453270,94453770,500,0,100.0,0.0
206,94453770,94454270,500,0,100.0,0.0
207,94454270,94454770,500,0,100.0,0.0
208,94454770,94455270,500,0,100.0,0.0
209,94455270,94455770,500,0,100.0,0.0
210,94455770,94456270,500,0,100.0,0.0
211,94456270,94456770,500,0,100.0,0.0
212,94456770,94457270,500,0,100.0,0.0
213,94457270,94457770,500,0,100.0,0.0
214,94457770,94458270,500,0,100.0,0.0
215,94458270,94458770,500,0,100.0,0.0
216,94458770,94459270,500,0,100.0,0.0
217,94459270,94459770,500,0,100.0,0.0
218,94459770,94460270,500,0,100.0,0.0
219,94460270,94460770,500,0,100.0,0.0
220,94460770,94461270,500,0,100.0,0.0
221,94461270,94461770,500,0,100.0,0.0
222,94461770,94462270,500,0,100.0,0.0
223,94462270,94462770,500,0,100.0,0.0
224,94462770,94463270,500,0,100.0,0.0
225,94463270,94463770,500,0,100.0,0.0
226,94463770,94464270,500,0,100.0,0.0
227,94464270,94464770,500,0,100.0,0.0
228,94464770,94465270,500,0,100.0,0.0
229,94465270,94465770,500,0,100.0,0.0
230,94465770,94466270,500,0,100.0,0.0
231,94466270,94466770,500,0,100.0,0.0
232,94466770,94467270,500,0,100.0,0.0
233,94467270,94467770,500,0,100.0,0.0
234,94467770,94468270,500,0,100.0,0.0
235,94468270,94468770,500,0,100.0,0.0
236,94468770,94469270,500,0,100.0,0.0
237,94469270,94469770,500,0,100.0,0.0
238,94469770,94470270,500,0,100.0,0.0
239,94470270,94470770,500,0,100.0,0.0
240,94470770,94471270,500,0,100.0,0.0
241,94471270,94471770,500,0,100.0,0.0
242,94471770,94472270,500,0,100.0,0.0
243,94472270,94472770,500,0,100.0,0.0
244,94472770,94473270,500,0,100.0,0.0
245,94473270,94473770,500,0,100.0,0.0
246,94473770,94474270,500,0,100.0,0.0
247,94474270,94474770,500,0,100.0,0.0
248,94474770,94475270,500,0,100.0,0.0
249,94475270,94475770,500,0,100.0,0.0
250,94475770,94476270,500,0,100.0,0.0
251,94476270,94476770,500,0,100.0,0.0
252,94476770,94477270,500,0,100.0,0.0
253,94477270,94477770,500,0,100.0,0.0
254,94477770,94478270,500,0,100.0,0.0
255,94478270,94478770,500,0,100.0,0.0
256,94478770,94479270,500,0,100.0,0.0
257,94479270,94479770,500,0,100.0,0.0
258,94479770,94480270,500,0,100.0,0.0
259,94480270,94480770,500,0,100.0,0.0
260,94480770,94481270,500,0,100.0,0.0
261,94481270,94481770,500,0,100.0,0.0
262,94481770,94482270,500,0,100.0,0.0
263,94482270,94482770,500,0,100.0,0.0
264,94482770,94483270,500,0,100.0,0.0
265,94483270,94483770,500,0,100.0,0.0
266,94483770,94484270,500,0,100.0,0.0
267,94484270,94484770,500,0,100.0,0.0
268,94484770,94485270,500,0,100.0,0.0
269,94485270,94485770,500,0,100.0,0.0
270,94485770,94486270,500,0,100.0,0.0
271,94486270,94486770,500,0,100.0,0.0
272,94486770,94487270,500,0,100.0,0.0
273,94487270,94487770,500,0,100.0,0.0
274,94487770,94488270,500,0,100.0,0.0
275,94488270,94488770,500,0,100.0,0.0
276,94488770,94489270,500,0,100.0,0.0
277,94489270,94489770,500,0,100.0,0.0
278,94489770,94490270,500,0,100.0,0.0
279,94490270,94490770,500,0,100.0,0.0
280,94490770,94491270,500,0,100.0,0.0
281,94491270,94491770,500,0,100.0,0.0
282,94491770,94492270,500,0,100.0,0.0
283,94492270,94492770,500,0,100.0,0.0
284,94492770,94493270,500,0,100.0,0.0
285,94493270,94493770,500,0,100.0,0.0
286,94493770,94494270,500,0,100.0,0.0
287,94494270,94494770,500,0,100.0,0.0
288,94494770,94495270,500,0,100.0,0.0
289,94495270,94495770,500,0,100.0,0.0
290,94495770,94496270,500,0,100.0,0.0
291,94496270,94496770,500,0,100.0,0.0
292,94496770,94497270,500,0,100.0,0.0
293,94497270,94497770,500,0,100.0,0.0
294,94497770,94498270,500,0,100.0,0.0
295,94498270,94498770,500,0,100.0,0.0
296,94498770,94499270,500,0,100.0,0.0
297,94499270,94499770,500,0,100.0,0.0
298,94499770,94500270,500,0,100.0,0.0
299,94500270,94500770,500,0,100.0,0.0
300,94500770,94501270,500,0,100.0,0.0
301,94501270,94501770,500,0,100.0,0.0
302,94501770,94502270,500,0,100.0,0.0
303,94502270,94502770,500,0,100.0,0.0
304,94502770,94503270,500,0,100.0,0.0
305,94503270,94503770,500,0,100.0,0.0
306,94503770,94504270,500,0,100.0,0.0
307,94504270,94504770,500,0,100.0,0.0
308,94504770,94505270,500,0,100.0,0.0
309,94505270,94505770,500,0,100.0,0.0
310,94505770,94506270,500,0,100.0,0.0
311,94506270,94506770,500,0,100.0,0.0
312,94506770,94507270,500,0,100.0,0.0
313,94507270,94507770,500,0,100.0,0.0
314,94507770,94508270,500,0,100.0,0.0
315,94508270,94508770,500,0,100.0,0.0
316,94508770,94509270,500,0,100.0,0.0
317,94509270,94509770,500,0,100.0,0.0
318,94509770,94510270,500,0,100.0,0.0
319,94510270,94510770,500,0,100.0,0.0
320,94510770,94511270,500,0,100.0,0.0
321,94511270,94511770,500,0,100.0,0.0
322,94511770,94512270,500,0,100.0,0.0
323,94512270,94512770,500,0,100.0,0.0
324,94512770,94513270,500,0,100.0,0.0
325,94513270,94513770,500,0,100.0,0.0
326,94513770,94514270,500,0,100.0,0.0
327,94514270,94514770,500,0,100.0,0.0
328,94514770,94515270,500,0,100.0,0.0
329,94515270,94515770,500,0,100.0,0.0
330,94515770,94516270,500,0,100.0,0.0
331,94516270,94516770,500,0,100.0,0.0
332,94516770,94517270,500,0,100.0,0.0
333,94517270,94517770,500,0,100.0,0.0
334,94517770,94518270,500,0,100.0,0.0
335,94518270,94518770,500,0,100.0,0.0
336,94518770,94519270,500,0,100.0,0.0
337,94519270,94519770,500,0,100.0,0.0
338,94519770,94520270,500,0,100.0,0.0
339,94520270,94520770,500,0,100.0,0.0
340,94520770,94521270,500,0,100.0,0.0
341,94521270,94521770,500,0,100.0,0.0
342,94521770,94522270,500,0,100.0,0.0
343,94522270,94522770,500,0,100.0,0.0
344,94522770,94523270,500,0,100.0,0.0
345,94523270,94523770,500,0,100.0,0.0
346,94523770,94524270,500,0,100.0,0.0
347,94524270,94524770,500,0,100.0,0.0
348,94524770,94525270,500,0,100.0,0.0
349,94525270,94525770,500,0,100.0,0.0
350,94525770,94526270,500,0,100.0,0.0
351,94526270,94526770,500,0,100.0,0.0
352,94526770,94527270,500,0,100.0,0.0
353,94527270,94527770,500,0,100.0,0.0
354,94527770,94528270,500,0,100.0,0.0
355,94528270,94528770,500,0,100.0,0.0
356,94528770,94529270,500,0,100.0,0.0
357,94529270,94529770,500,0,100.0,0.0
358,94529770,94530270,500,0,100.0,0.0
359,94530270,94530770,500,0,100.0,0.0
360,94530770,94531270,500,0,100.0,0.0
361,94531270,94531770,500,0,100.0,0.0
362,94531770,94532270,500,0,100.0,0.0
363,94532270,94532770,500,0,100.0,0.0
364,94532770,94533270,500,0,100.0,0.0
365,94533270,94533770,500,0,100.0,0.0
366,94533770,94534270,500,0,100.0,0.0
367,94534270,94534770,500,0,100.0,0.0
368,94534770,94535270,500,0,100.0,0.0
369,94535270,94535770,500,0,100.0,0.0
370,94535770,94536270,500,0,100.0,0.0
371,94536270,94536770,500,0,100.0,0.0
372,94536770,94537270,500,0,100.0,0.0
373,94537270,94537770,500,0,100.0,0.0
374,94537770,94538270,500,0,100.0,0.0
375,94538270,94538770,500,0,100.0,0.0
376,94538770,94539270,500,0,100.0,0.0
377,94539270,94539770,500,0,100.0,0.0
378,94539770,94540270,500,0,100.0,0.0
379,94540270,94540770,500,0,100.0,0.0
380,94540770,94541270,500,0,100.0,0.0
381,94541270,94541770,500,0,100.0,0.0
382,94541770,94542270,500,0,100.0,0.0
383,94542270,94542770,500,0,100.0,0.0
384,94542770,94543270,500,0,100.0,0.0
385,94543270,94543770,500,0,100.0,0.0
386,94543770,94544270,500,0,100.0,0.0
387,94544270,94544770,500,0,100.0,0.0
388,94544770,94545270,500,0,100.0,0.0
389,94545270,94545770,500,0,100.0,0.0
390,94545770,94546270,500,0,100.0,0.0
391,94546270,94546770,500,0,100.0,0.0
392,94546770,94547270,500,0,100.0,0.0
393,94547270,94547770,500,0,100.0,0.0
394,94547770,94548270,500,0,100.0,0.0
395,94548270,94548770,500,0,100.0,0.0
396,94548770,94549270,500,0,100.0,0.0
397,94549270,94549770,500,0,100.0,0.0
398,94549770,94550270,500,0,100.0,0.0
399,94550270,94550770,500,0,100.0,0.0
400,94550770,94551270,500,0,100.0,0.0
401,94551270,94551770,500,0,100.0,0.0
402,94551770,94552270,500,0,100.0,0.0
403,94552270,94552770,500,0,100.0,0.0
404,94552770,94553270,500,0,100.0,0.0
405,94553270,94553770,500,0,100.0,0.0
406,94553770,94554270,500,0,100.0,0.0
407,94554270,94554770,500,0,100.0,0.0
408,94554770,94555270,500,0,100.0,0.0
409,94555270,94555770,500,0,100.0,0.0
410,94555770,94556270,500,0,100.0,0.0
411,94556270,94556770,500,0,100.0,0.0
412,94556770,94557270,500,0,100.0,0.0
413,94557270,94557770,500,0,100.0,0.0
414,94557770,94558270,500,0,100.0,0.0
415,94558270,94558770,500,0,100.0,0.0
416,94558770,94559270,500,0,100.0,0.0
417,94559270,94559770,500,0,100.0,0.0
418,94559770,94560270,500,0,100.0,0.0
419,94560270,94560770,500,0,100.0,0.0
420,94560770,94561270,500,0,100.0,0.0
421,94561270,94561770,500,0,100.0,0.0
422,94561770,94562270,500,0,100.0,0.0
423,94562270,94562770,500,0,100.0,0.0
424,94562770,94563270,500,0,100.0,0.0
425,94563270,94563770,500,0,100.0,0.0
426,94563770,94564270,500,0,100.0,0.0
427,94564270,94564770,500,0,100.0,0.0
428,94564770,94565270,500,0,100.0,0.0
429,94565270,94565770,500,0,100.0,0.0
430,94565770,94566270,500,0,100.0,0.0
431,94566270,94566770,500,0,100.0,0.0
432,94566770,94567270,500,0,100.0,0.0
433,94567270,94567770,500,0,100.0,0.0
434,94567770,94568270,500,0,100.0,0.0
435,94568270,94568770,500,0,100.0,0.0
436,94568770,94569270,500,0,100.0,0.0
437,94569270,94569770,500,0,100.0,0.0
438,94569770,94570270,500,0,100.0,0.0
439,94570270,94570770,500,0,100.0,0.0
440,94570770,94571270,500,0,100.0,0.0
441,94571270,94571770,500,0,100.0,0.0
442,94571770,94572270,500,0,100.0,0.0
443,94572270,94572770,500,0,100.0,0.0
444,94572770,94573270,500,0,100.0,0.0
445,94573270,94573770,500,0,100.0,0.0
446,94573770,94574270,500,0,100.0,0.0
447,94574270,94574770,500,0,100.0,0.0
448,94574770,94575270,500,0,100.0,0.0
449,94575270,94575770,500,0,100.0,0.0
450,94575770,94576270,500,0,100.0,0.0
451,94576270,94576770,500,0,100.0,0.0
452,94576770,94577270,500,0,100.0,0.0
453,94577270,94577770,500,0,100.0,0.0
454,94577770,94578270,500,0,100.0,0.0
455,94578270,94578770,500,0,100.0,0.0
456,94578770,94579270,500,0,100.0,0.0
457,94579270,94579770,500,0,100.0,0.0
458,94579770,94580270,500,0,100.0,0.0
459,94580270,94580770,500,0,100.0,0.0
460,94580770,94581270,500,0,100.0,0.0
461,94581270,94581770,500,0,100.0,0.0
462,94581770,94582270,500,0,100.0,0.0
463,94582270,94582770,500,0,100.0,0.0
464,94582770,94583270,500,0,100.0,0.0
465,94583270,94583770,500,0,100.0,0.0
466,94583770,94584270,500,0,100.0,0.0
467,94584270,94584770,500,0,100.0,0.0
468,94584770,94585270,500,0,100.0,0.0
469,94585270,94585770,500,0,100.0,0.0
470,94585770,94586270,500,0,100.0,0.0
471,94586270,94586770,500,0,100.0,0.0
472,94586770,94587270,500,0,100.0,0.0
473,94587270,94587770,500,0,100.0,0.0
474,94587770,94588270,500,0,100.0,0.0
475,94588270,94588770,500,0,100.0,0.0
476,94588770,94589270,500,0,100.0,0.0
477,94589270,94589770,500,0,100.0,0.0
478,94589770,94590270,500,0,100.0,0.0
479,94590270,94590770,500,0,100.0,0.0
480,94590770,94591270,500,0,100.0,0.0
481,94591270,94591770,500,0,100.0,0.0
482,94591770,94592270,500,0,100.0,0.0
483,94592270,94592770,500,0,100.0,0.0
484,94592770,94593270,500,0,100.0,0.0
485,94593270,94593770,500,0,100.0,0.0
486,94593770,94594270,500,0,100.0,0.0
487,94594270,94594770,500,0,100.0,0.0
488,94594770,94595270,500,0,100.0,0.0
489,94595270,94595770,500,0,100.0,0.0
490,94595770,94596270,500,0,100.0,0.0
491,94596270,94596770,500,0,100.0,0.0
492,94596770,94597270,500,0,100.0,0.0
493,94597270,94597770,500,0,100.0,0.0
494,94597770,94598270,500,0,100.0,0.0
495,94598270,94598770,500,0,100.0,0.0
496,94598770,94599270,500,0,100.0,0.0
497,94599270,94599770,500,0,100.0,0.0
498,94599770,94600270,500,0,100.0,0.0
499,94600270,94600770,500,0,100.0,0.0
500,94600770,94601270,500,0,100.0,0.0
501,94601270,94601770,500,0,100.0,0.0
502,94601770,94602270,500,0,100.0,0.0
503,94602270,94602770,500,0,100.0,0.0
504,94602770,94603270,500,0,100.0,0.0
505,94603270,94603770,500,0,100.0,0.0
506,94603770,94604270,500,0,100.0,0.0
507,94604270,94604770,500,0,100.0,0.0
508,94604770,94605270,500,0,100.0,0.0
509,94605270,94605770,500,0,100.0,0.0
510,94605770,94606270,500,0,100.0,0.0
511,94606270,94606770,500,0,100.0,0.0
512,94606770,94607270,500,0,100.0,0.0
513,94607270,94607770,500,0,100.0,0.0
514,94607770,94608270,500,0,100.0,0.0
515,94608270,94608770,500,0,100.0,0.0
516,94608770,94609270,500,0,100.0,0.0
517,94609270,94609770,500,0,100.0,0.0
518,94609770,94610270,500,0,100.0,0.0
519,94610270,94610770,500,0,100.0,0.0
520,94610770,94611270,500,0,100.0,0.0
521,94611270,94611770,500,0,100.0,0.0
522,94611770,94612270,500,0,100.0,0.0
523,94612270,94612770,500,0,100.0,0.0
524,94612770,94613270,500,0,100.0,0.0
525,94613270,94613770,500,0,100.0,0.0
526,94613770,94614270,500,0,100.0,0.0
527,94614270,94614770,500,0,100.0,0.0
528,94614770,94615270,500,0,100.0,0.0
529,94615270,94615770,500,0,100.0,0.0
530,94615770,94616270,500,0,100.0,0.0
531,94616270,94616770,500,0,100.0,0.0
532,94616770,94617270,500,0,100.0,0.0
533,94617270,94617770,500,0,100.0,0.0
534,94617770,94618270,500,0,100.0,0.0
535,94618270,94618770,500,0,100.0,0.0
536,94618770,94619270,500,0,100.0,0.0
537,94619270,94619770,500,0,100.0,0.0
538,94619770,94620270,500,0,100.0,0.0
539,94620270,94620770,500,0,100.0,0.0
540,94620770,94621270,500,0,100.0,0.0
541,94621270,94621770,500,0,100.0,0.0
542,94621770,94622270,500,0,100.0,0.0
543,94622270,94622770,500,0,100.0,0.0
544,94622770,94623270,500,0,100.0,0.0
545,94623270,94623770,500,0,100.0,0.0
546,94623770,94624270,500,0,100.0,0.0
547,94624270,94624770,500,0,100.0,0.0
548,94624770,94625270,500,0,100.0,0.0
549,94625270,94625770,500,0,100.0,0.0
550,94625770,94626270,500,0,100.0,0.0
551,94626270,94626770,500,0,100.0,0.0
552,94626770,94627270,500,0,100.0,0.0
553,94627270,94627770,500,0,100.0,0.0
554,94627770,94628270,500,0,100.0,0.0
555,94628270,94628770,500,0,100.0,0.0
556,94628770,94629270,500,0,100.0,0.0
557,94629270,94629770,500,0,100.0,0.0
558,94629770,94630270,500,0,100.0,0.0
559,94630270,94630770,500,0,100.0,0.0
560,94630770,94631270,500,0,100.0,0.0
561,94631270,94631770,500,0,100.0,0.0
562,94631770,94632270,500,0,100.0,0.0
563,94632270,94632770,500,0,100.0,0.0
564,94632770,94633270,500,0,100.0,0.0
565,94633270,94633770,500,0,100.0,0.0
566,94633770,94634270,500,0,100.0,0.0
567,94634270,94634770,500,0,100.0,0.0
568,94634770,94635270,500,0,100.0,0.0
569,94635270,94635770,500,0,100.0,0.0
570,94635770,94636270,500,0,100.0,0.0
571,94636270,94636770,500,0,100.0,0.0
572,94636770,94637270,500,0,100.0,0.0
573,94637270,94637770,500,0,100.0,0.0
574,94637770,94638270,500,0,100.0,0.0
575,94638270,94638770,500,0,100.0,0.0
576,94638770,94639270,500,0,100.0,0.0
577,94639270,94639770,500,0,100.0,0.0
578,94639770,94640270,500,0,100.0,0.0
579,94640270,94640770,500,0,100.0,0.0
580,94640770,94641270,500,0,100.0,0.0
581,94641270,94641770,500,0,100.0,0.0
582,94641770,94642270,500,0,100.0,0.0
583,94642270,94642770,500,0,100.0,0.0
584,94642770,94643270,500,0,100.0,0.0
585,94643270,94643770,500,0,100.0,0.0
586,94643770,94644270,500,0,100.0,0.0
587,94644270,94644770,500,0,100.0,0.0
588,94644770,94645270,500,0,100.0,0.0
589,94645270,94645770,500,0,100.0,0.0
590,94645770,94646270,500,0,100.0,0.0
591,94646270,94646770,500,0,100.0,0.0
592,94646770,94647270,500,0,100.0,0.0
593,94647270,94647770,500,0,100.0,0.0
594,94647770,94648270,500,0,100.0,0.0
595,94648270,94648770,500,0,100.0,0.0
596,94648770,94649270,500,0,100.0,0.0
597,94649270,94649770,500,0,100.0,0.0
598,94649770,94650270,500,0,100.0,0.0
599,94650270,94650770,500,0,100.0,0.0
600,94650770,94651270,500,0,100.0,0.0
601,94651270,94651770,500,0,100.0,0.0
602,94651770,94652270,500,0,100.0,0.0
603,94652270,94652770,500,0,100.0,0.0
604,94652770,94653270,500,0,100.0,0.0
605,94653270,94653770,500,0,100.0,0.0
606,94653770,94654270,500,0,100.0,0.0
607,94654270,94654770,500,0,100.0,0.0
608,94654770,94655270,500,0,100.0,0.0
609,94655270,94655770,500,0,100.0,0.0
610,94655770,94656270,500,0,100.0,0.0
611,94656270,94656770,500,0,100.0,0.0
612,94656770,94657270,500,0,100.0,0.0
613,94657270,94657770,500,0,100.0,0.0
614,94657770,94658270,500,0,100.0,0.0
615,94658270,94658770,500,0,100.0,0.0
616,94658770,94659270,500,0,100.0,0.0
617,94659270,94659770,500,0,100.0,0.0
618,94659770,94660270,500,0,100.0,0.0
619,94660270,94660770,500,0,100.0,0.0
620,94660770,94661270,500,0,100.0,0.0
621,94661270,94661770,500,0,100.0,0.0
622,94661770,94662270,500,0,100.0,0.0
623,94662270,94662770,500,0,100.0,0.0
624,94662770,94663270,500,0,100.0,0.0
625,94663270,94663770,500,0,100.0,0.0
626,94663770,94664270,500,0,100.0,0.0
627,94664270,94664770,500,0,100.0,0.0
628,94664770,94665270,500,0,100.0,0.0
629,94665270,94665770,500,0,100.0,0.0
630,94665770,94666270,500,0,100.0,0.0
631,94666270,94666770,500,0,100.0,0.0
632,94666770,94667270,500,0,100.0,0.0
633,94667270,94667770,500,0,100.0,0.0
634,94667770,94668270,500,0,100.0,0.0
635,94668270,94668770,500,0,100.0,0.0
636,94668770,94669270,500,0,100.0,0.0
637,94669270,94669770,500,0,100.0,0.0
638,94669770,94670270,500,0,100.0,0.0
639,94670270,94670770,500,0,100.0,0.0
640,94670770,94671270,500,0,100.0,0.0
641,94671270,94671770,500,0,100.0,0.0
642,94671770,94672270,500,0,100.0,0.0
643,94672270,94672770,500,0,100.0,0.0
644,94672770,94673270,500,0,100.0,0.0
645,94673270,94673770,500,0,100.0,0.0
646,94673770,94674270,500,0,100.0,0.0
647,94674270,94674770,500,0,100.0,0.0
648,94674770,94675270,500,0,100.0,0.0
649,94675270,94675770,500,0,100.0,0.0
650,94675770,94676270,500,0,100.0,0.0
651,94676270,94676770,500,0,100.0,0.0
652,94676770,94677270,500,0,100.0,0.0
653,94677270,94677770,500,0,100.0,0.0
654,94677770,94678270,500,0,100.0,0.0
655,94678270,94678770,500,0,100.0,0.0
656,94678770,94679270,500,0,100.0,0.0
657,94679270,94679770,500,0,100.0,0.0
658,94679770,94680270,500,0,100.0,0.0
659,94680270,94680770,500,0,100.0,0.0
660,94680770,94681270,500,0,100.0,0.0
661,94681270,94681770,500,0,100.0,0.0
662,94681770,94682270,500,0,100.0,0.0
663,94682270,94682770,500,0,100.0,0.0
664,94682770,94683270,500,0,100.0,0.0
665,94683270,94683770,500,0,100.0,0.0
666,94683770,94684270,500,0,100.0,0.0
667,94684270,94684770,500,0,100.0,0.0
668,94684770,94685270,500,0,100.0,0.0
669,94685270,94685770,500,0,100.0,0.0
670,94685770,94686270,500,0,100.0,0.0
671,94686270,94686770,500,0,100.0,0.0
672,94686770,94687270,500,0,100.0,0.0
673,94687270,94687770,500,0,100.0,0.0
674,94687770,94688270,500,0,100.0,0.0
675,94688270,94688770,500,0,100.0,0.0
676,94688770,94689270,500,0,100.0,0.0
677,94689270,94689770,500,0,100.0,0.0
678,94689770,94690270,500,0,100.0,0.0
679,94690270,94690770,500,0,100.0,0.0
680,94690770,94691270,500,0,100.0,0.0
681,94691270,94691770,500,0,100.0,0.0
682,94691770,94692270,500,0,100.0,0.0
683,94692270,94692770,500,0,100.0,0.0
684,94692770,94693270,500,0,100.0,0.0
685,94693270,94693770,500,0,100.0,0.0
686,94693770,94694270,500,0,100.0,0.0
687,94694270,94694770,500,0,100.0,0.0
688,94694770,94695270,500,0,100.0,0.0
689,94695270,94695770,500,0,100.0,0.0
690,94695770,94696270,500,0,100.0,0.0
691,94696270,94696770,500,0,100.0,0.0
692,94696770,94697270,500,0,100.0,0.0
693,94697270,94697770,500,0,100.0,0.0
694,94697770,94698270,500,0,100.0,0.0
695,94698270,94698770,500,0,100.0,0.0
696,94698770,94699270,500,0,100.0,0.0
697,94699270,94699770,500,0,100.0,0.0
698,94699770,94700270,500,0,100.0,0.0
699,94700270,94700770,500,0,100.0,0.0
700,94700770,94701270,500,0,100.0,0.0
701,94701270,94701770,500,0,100.0,0.0
702,94701770,94702270,500,0,100.0,0.0
703,94702270,94702770,500,0,100.0,0.0
704,94702770,94703270,500,0,100.0,0.0
705,94703270,94703770,500,0,100.0,0.0
706,94703770,94704270,500,0,100.0,0.0
707,94704270,94704770,500,0,100.0,0.0
708,94704770,94705270,500,0,100.0,0.0
709,94705270,94705770,500,0,100.0,0.0
710,94705770,94706270,500,0,100.0,0.0
711,94706270,94706770,500,0,100.0,0.0
712,94706770,94707270,500,0,100.0,0.0
713,94707270,94707770,500,0,100.0,0.0
714,94707770,94708270,500,0,100.0,0.0
715,94708270,94708770,500,0,100.0,0.0
716,94708770,94709270,500,0,100.0,0.0
717,94709270,94709770,500,0,100.0,0.0
718,94709770,94710270,500,0,100.0,0.0
719,94710270,94710770,500,0,100.0,0.0
720,94710770,94711270,500,0,100.0,0.0
721,94711270,94711770,500,0,100.0,0.0
722,94711770,94712270,500,0,100.0,0.0
723,94712270,94712770,500,0,100.0,0.0
724,94712770,94713270,500,0,100.0,0.0
725,94713270,94713770,500,0,100.0,0.0
726,94713770,94714270,500,0,100.0,0.0
727,94714270,94714770,500,0,100.0,0.0
728,94714770,94715270,500,0,100.0,0.0
729,94715270,94715770,500,0,100.0,0.0
730,94715770,94716270,500,0,100.0,0.0
731,94716270,94716770,500,0,100.0,0.0
732,94716770,94717270,500,0,100.0,0.0
733,94717270,94717770,500,0,100.0,0.0
734,94717770,94718270,500,0,100.0,0.0
735,94718270,94718770,500,0,100.0,0.0
736,94718770,94719270,500,0,100.0,0.0
737,94719270,94719770,500,0,100.0,0.0
738,94719770,94720270,500,0,100.0,0.0
739,94720270,94720770,500,0,100.0,0.0
740,94720770,94721270,500,0,100.0,0.0
741,94721270,94721770,500,0,100.0,0.0
742,94721770,94722270,500,0,100.0,0.0
743,94722270,94722770,500,0,100.0,0.0
744,94722770,94723270,500,0,100.0,0.0
745,94723270,94723770,500,0,100.0,0.0
746,94723770,94724270,500,0,100.0,0.0
747,94724270,94724770,500,0,100.0,0.0
748,94724770,94725270,500,0,100.0,0.0
749,94725270,94725770,500,0,100.0,0.0
750,94725770,94726270,500,0,100.0,0.0
751,94726270,94726770,500,0,100.0,0.0
752,94726770,94727270,500,0,100.0,0.0
753,94727270,94727770,500,0,100.0,0.0
754,94727770,94728270,500,0,100.0,0.0
755,94728270,94728770,500,0,100.0,0.0
756,94728770,94729270,500,0,100.0,0.0
757,94729270,94729770,500,0,100.0,0.0
758,94729770,94730270,500,0,100.0,0.0
759,94730270,94730770,500,0,100.0,0.0
760,94730770,94731270,500,0,100.0,0.0
761,94731270,94731770,500,0,100.0,0.0
762,94731770,94732270,500,0,100.0,0.0
763,94732270,94732770,500,0,100.0,0.0
764,94732770,94733270,500,0,100.0,0.0
765,94733270,94733770,500,0,100.0,0.0
766,94733770,94734270,500,0,100.0,0.0
767,94734270,94734770,500,0,100.0,0.0
768,94734770,94735270,500,0,100.0,0.0
769,94735270,94735770,500,0,100.0,0.0
770,94735770,94736270,500,0,100.0,0.0
771,94736270,94736770,500,0,100.0,0.0
772,94736770,94737270,500,0,100.0,0.0
773,94737270,94737770,500,0,100.0,0.0
774,94737770,94738270,500,0,100.0,0.0
775,94738270,94738770,500,0,100.0,0.0
776,94738770,94739270,500,0,100.0,0.0
777,94739270,94739770,500,0,100.0,0.0
778,94739770,94740270,500,0,100.0,0.0
779,94740270,94740770,500,0,100.0,0.0
780,94740770,94741270,500,0,100.0,0.0
781,94741270,94741770,500,0,100.0,0.0
782,94741770,94742270,500,0,100.0,0.0
783,94742270,94742770,500,0,100.0,0.0
784,94742770,94743270,500,0,100.0,0.0
785,94743270,94743770,500,0,100.0,0.0
786,94743770,94744270,500,0,100.0,0.0
787,94744270,94744770,500,0,100.0,0.0
788,94744770,94745270,500,0,100.0,0.0
789,94745270,94745770,500,0,100.0,0.0
790,94745770,94746270,500,0,100.0,0.0
791,94746270,94746770,500,0,100.0,0.0
792,94746770,94747270,500,0,100.0,0.0
793,94747270,94747770,500,0,100.0,0.0
794,94747770,94748270,500,0,100.0,0.0
795,94748270,94748770,500,0,100.0,0.0
796,94748770,94749270,500,0,100.0,0.0
797,94749270,94749770,500,0,100.0,0.0
798,94749770,94750270,500,0,100.0,0.0
799,94750270,94750770,500,0,100.0,0.0
800,94750770,94751270,500,0,100.0,0.0
801,94751270,94751770,500,0,100.0,0.0
802,94751770,94752270,500,0,100.0,0.0
803,94752270,94752770,500,0,100.0,0.0
804,94752770,94753270,500,0,100.0,0.0
805,94753270,94753770,500,0,100.0,0.0
806,94753770,94754270,500,0,100.0,0.0
807,94754270,94754770,500,0,100.0,0.0
808,94754770,94755270,500,0,100.0,0.0
809,94755270,94755770,500,0,100.0,0.0
810,94755770,94756270,500,0,100.0,0.0
811,94756270,94756770,500,0,100.0,0.0
812,94756770,94757270,500,0,100.0,0.0
813,94757270,94757770,500,0,100.0,0.0
814,94757770,94758270,500,0,100.0,0.0
815,94758270,94758770,500,0,100.0,0.0
816,94758770,94759270,500,0,100.0,0.0
817,94759270,94759770,500,0,100.0,0.0
818,94759770,94760270,500,0,100.0,0.0
819,94760270,94760770,500,0,100.0,0.0
820,94760770,94761270,500,0,100.0,0.0
821,94761270,94761770,500,0,100.0,0.0
822,94761770,94762270,500,0,100.0,0.0
823,94762270,94762770,500,0,100.0,0.0
824,94762770,94763270,500,0,100.0,0.0
825,94763270,94763770,500,0,100.0,0.0
826,94763770,94764270,500,0,100.0,0.0
827,94764270,94764770,500,0,100.0,0.0
828,94764770,94765270,500,0,100.0,0.0
829,94765270,94765770,500,0,100.0,0.0
830,94765770,94766270,500,0,100.0,0.0
831,94766270,94766770,500,0,100.0,0.0
832,94766770,94767270,500,0,100.0,0.0
833,94767270,94767770,500,0,100.0,0.0
834,94767770,94768270,500,0,100.0,0.0
835,94768270,94768770,500,0,100.0,0.0
836,94768770,94769270,500,0,100.0,0.0
837,94769270,94769770,500,0,100.0,0.0
838,94769770,94770270,500,0,100.0,0.0
839,94770270,94770770,500,0,100.0,0.0
840,94770770,94771270,500,0,100.0,0.0
841,94771270,94771770,500,0,100.0,0.0
842,94771770,94772270,500,0,100.0,0.0
843,94772270,94772770,500,0,100.0,0.0
844,94772770,94773270,500,0,100.0,0.0
845,94773270,94773770,500,0,100.0,0.0
846,94773770,94774270,500,0,100.0,0.0
847,94774270,94774770,500,0,100.0,0.0
848,94774770,94775270,500,0,100.0,0.0
849,94775270,94775770,500,0,100.0,0.0
850,94775770,94776270,500,0,100.0,0.0
851,94776270,94776770,500,0,100.0,0.0
852,94776770,94777270,500,0,100.0,0.0
853,94777270,94777770,500,0,100.0,0.0
854,94777770,94778270,500,0,100.0,0.0
855,94778270,94778770,500,0,100.0,0.0
856,94778770,94779270,500,0,100.0,0.0
857,94779270,94779770,500,0,100.0,0.0
858,94779770,94780270,500,0,100.0,0.0
859,94780270,94780770,500,0,100.0,0.0
860,94780770,94781270,500,0,100.0,0.0
861,94781270,94781770,500,0,100.0,0.0
862,94781770,94782270,500,0,100.0,0.0
863,94782270,94782770,500,0,100.0,0.0
864,94782770,94783270,500,0,100.0,0.0
865,94783270,94783770,500,0,100.0,0.0
866,94783770,94784270,500,0,100.0,0.0
867,94784270,94784770,500,0,100.0,0.0
868,94784770,94785270,500,0,100.0,0.0
869,94785270,94785770,500,0,100.0,0.0
870,94785770,94786270,500,0,100.0,0.0
871,94786270,94786770,500,0,100.0,0.0
872,94786770,94787270,500,0,100.0,0.0
873,94787270,94787770,500,0,100.0,0.0
874,94787770,94788270,500,0,100.0,0.0
875,94788270,94788770,500,0,100.0,0.0
876,94788770,94789270,500,0,100.0,0.0
877,94789270,94789770,500,0,100.0,0.0
878,94789770,94790270,500,0,100.0,0.0
879,94790270,94790770,500,0,100.0,0.0
880,94790770,94791270,500,0,100.0,0.0
881,94791270,94791770,500,0,100.0,0.0
882,94791770,94792270,500,0,100.0,0.0
883,94792270,94792770,500,0,100.0,0.0
884,94792770,94793270,500,0,100.0,0.0
885,94793270,94793770,500,0,100.0,0.0
886,94793770,94794270,500,0,100.0,0.0
887,94794270,94794770,500,0,100.0,0.0
888,94794770,94795270,500,0,100.0,0.0
889,94795270,94795770,500,0,100.0,0.0
890,94795770,94796270,500,0,100.0,0.0
891,94796270,94796770,500,0,100.0,0.0
892,94796770,94797270,500,0,100.0,0.0
893,94797270,94797770,500,0,100.0,0.0
894,94797770,94798270,500,0,100.0,0.0
895,94798270,94798770,500,0,100.0,0.0
896,94798770,94799270,500,0,100.0,0.0
897,94799270,94799770,500,0,100.0,0.0
898,94799770,94800270,500,0,100.0,0.0
899,94800270,94800770,500,0,100.0,0.0
900,94800770,94801270,500,0,100.0,0.0
901,94801270,94801770,500,0,100.0,0.0
902,94801770,94802270,500,0,100.0,0.0
903,94802270,94802770,500,0,100.0,0.0
904,94802770,94803270,500,0,100.0,0.0
905,94803270,94803770,500,0,100.0,0.0
906,94803770,94804270,500,0,100.0,0.0
907,94804270,94804770,500,0,100.0,0.0
908,94804770,94805270,500,0,100.0,0.0
909,94805270,94805770,500,0,100.0,0.0
910,94805770,94806270,500,0,100.0,0.0
911,94806270,94806770,500,0,100.0,0.0
912,94806770,94807270,500,0,100.0,0.0
913,94807270,94807770,500,0,100.0,0.0
914,94807770,94808270,500,0,100.0,0.0
915,94808270,94808770,500,0,100.0,0.0
916,94808770,94809270,500,0,100.0,0.0
917,94809270,94809770,500,0,100.0,0.0
918,94809770,94810270,500,0,100.0,0.0
919,94810270,94810770,500,0,100.0,0.0
920,94810770,94811270,500,0,100.0,0.0
921,94811270,94811770,500,0,100.0,0.0
922,94811770,94812270,500,0,100.0,0.0
923,94812270,94812770,500,0,100.0,0.0
924,94812770,94813270,500,0,100.0,0.0
925,94813270,94813770,500,0,100.0,0.0
926,94813770,94814270,500,0,100.0,0.0
927,94814270,94814770,500,0,100.0,0.0
928,94814770,94815270,500,0,100.0,0.0
929,94815270,94815770,500,0,100.0,0.0
930,94815770,94816270,500,0,100.0,0.0
931,94816270,94816770,500,0,100.0,0.0
932,94816770,94817270,500,0,100.0,0.0
933,94817270,94817770,500,0,100.0,0.0
934,94817770,94818270,500,0,100.0,0.0
935,94818270,94818770,500,0,100.0,0.0
936,94818770,94819270,500,0,100.0,0.0
937,94819270,94819770,500,0,100.0,0.0
938,94819770,94820270,500,0,100.0,0.0
939,94820270,94820770,500,0,100.0,0.0
940,94820770,94821270,500,0,100.0,0.0
941,94821270,94821770,500,0,100.0,0.0
942,94821770,94822270,500,0,100.0,0.0
943,94822270,94822770,500,0,100.0,0.0
944,94822770,94823270,500,0,100.0,0.0
945,94823270,94823770,500,0,100.0,0.0
946,94823770,94824270,500,0,100.0,0.0
947,94824270,94824770,500,0,100.0,0.0
948,94824770,94825270,500,0,100.0,0.0
949,94825270,94825770,500,0,100.0,0.0
950,94825770,94826270,500,0,100.0,0.0
951,94826270,94826770,500,0,100.0,0.0
952,94826770,94827270,500,0,100.0,0.0
953,94827270,94827770,500,0,100.0,0.0
954,94827770,94828270,500,0,100.0,0.0
955,94828270,94828770,500,0,100.0,0.0
956,94828770,94829270,500,0,100.0,0.0
957,94829270,94829770,500,0,100.0,0.0
958,94829770,94830270,500,0,100.0,0.0
959,94830270,94830770,500,0,100.0,0.0
960,94830770,94831270,500,0,100.0,0.0
961,94831270,94831770,500,0,100.0,0.0
962,94831770,94832270,500,0,100.0,0.0
963,94832270,94832770,500,0,100.0,0.0
964,94832770,94833270,500,0,100.0,0.0
965,94833270,94833770,500,0,100.0,0.0
966,94833770,94834270,500,0,100.0,0.0
967,94834270,94834770,500,0,100.0,0.0
968,94834770,94835270,500,0,100.0,0.0
969,94835270,94835770,500,0,100.0,0.0
970,94835770,94836270,500,0,100.0,0.0
971,94836270,94836770,500,0,100.0,0.0
972,94836770,94837270,500,0,100.0,0.0
973,94837270,94837770,500,0,100.0,0.0
974,94837770,94838270,500,0,100.0,0.0
975,94838270,94838770,500,0,100.0,0.0
976,94838770,94839270,500,0,100.0,0.0
977,94839270,94839770,500,0,100.0,0.0
978,94839770,94840270,500,0,100.0,0.0
979,94840270,94840770,500,0,100.0,0.0
980,94840770,94841270,500,0,100.0,0.0
981,94841270,94841770,500,0,100.0,0.0
982,94841770,94842270,500,0,100.0,0.0
983,94842270,94842770,500,0,100.0,0.0
984,94842770,94843270,500,0,100.0,0.0
985,94843270,94843770,500,0,100.0,0.0
986,94843770,94844270,500,0,100.0,0.0
987,94844270,94844770,500,0,100.0,0.0
988,94844770,94845270,500,0,100.0,0.0
989,94845270,94845770,500,0,100.0,0.0
990,94845770,94846270,500,0,100.0,0.0
991,94846270,94846770,500,0,100.0,0.0
992,94846770,94847270,500,0,100.0,0.0
993,94847270,94847770,500,0,100.0,0.0
994,94847770,94848270,500,0,100.0,0.0
995,94848270,94848770,500,0,100.0,0.0
996,94848770,94849270,500,0,100.0,0.0
997,94849270,94849770,500,0,100.0,0.0
998,94849770,94850270,500,0,100.0,0.0
999,94850270,94850770,500,0,100.0,0.0
1000,94850770,94851270,500,0,100.0,0.0
1001,94851270,94851770,500,0,100.0,0.0
1002,94851770,94852270,500,0,100.0,0.0
1003,94852270,94852770,500,0,100.0,0.0
1004,94852770,94853270,500,0,100.0,0.0
1005,94853270,94853770,500,0,100.0,0.0
1006,94853770,94854270,500,0,100.0,0.0
1007,94854270,94854770,500,0,100.0,0.0
1008,94854770,94855270,500,0,100.0,0.0
1009,94855270,94855770,500,0,100.0,0.0
1010,94855770,94856270,500,0,100.0,0.0
1011,94856270,94856770,500,0,100.0,0.0
1012,94856770,94857270,500,0,100.0,0.0
1013,94857270,94857770,500,0,100.0,0.0
1014,94857770,94858270,500,0,100.0,0.0
1015,94858270,94858770,500,0,100.0,0.0
1016,94858770,94859270,500,0,100.0,0.0
1017,94859270,94859770,500,0,100.0,0.0
1018,94859770,94860270,500,0,100.0,0.0
1019,94860270,94860770,500,0,100.0,0.0
1020,94860770,94861270,500,0,100.0,0.0
1021,94861270,94861770,500,0,100.0,0.0
1022,94861770,94862270,500,0,100.0,0.0
1023,94862270,94862770,500,0,100.0,0.0
1024,94862770,94863270,500,0,100.0,0.0
1025,94863270,94863770,500,0,100.0,0.0
1026,94863770,94864270,500,0,100.0,0.0
1027,94864270,94864770,500,0,100.0,0.0
1028,94864770,94865270,500,0,100.0,0.0
1029,94865270,94865770,500,0,100.0,0.0
1030,94865770,94866270,500,0,100.0,0.0
1031,94866270,94866770,500,0,100.0,0.0
1032,94866770,94867270,500,0,100.0,0.0
1033,94867270,94867770,500,0,100.0,0.0
1034,94867770,94868270,500,0,100.0,0.0
1035,94868270,94868770,500,0,100.0,0.0
1036,94868770,94869270,500,0,100.0,0.0
1037,94869270,94869770,500,0,100.0,0.0
1038,94869770,94870270,500,0,100.0,0.0
1039,94870270,94870770,500,0,100.0,0.0
1040,94870770,94871270,500,0,100.0,0.0
1041,94871270,94871770,500,0,100.0,0.0
1042,94871770,94872270,500,0,100.0,0.0
1043,94872270,94872770,500,0,100.0,0.0
1044,94872770,94873270,500,0,100.0,0.0
1045,94873270,94873770,500,0,100.0,0.0
1046,94873770,94874270,500,0,100.0,0.0
1047,94874270,94874770,500,0,100.0,0.0
1048,94874770,94875270,500,0,100.0,0.0
1049,94875270,94875770,500,0,100.0,0.0
1050,94875770,94876270,500,0,100.0,0.0
1051,94876270,94876770,500,0,100.0,0.0
1052,94876770,94877270,500,0,100.0,0.0
1053,94877270,94877770,500,0,100.0,0.0
1054,94877770,94878270,500,0,100.0,0.0
1055,94878270,94878770,500,0,100.0,0.0
1056,94878770,94879270,500,0,100.0,0.0
1057,94879270,94879770,500,0,100.0,0.0
1058,94879770,94880270,500,0,100.0,0.0
1059,94880270,94880770,500,0,100.0,0.0
1060,94880770,94881270,500,0,100.0,0.0
1061,94881270,94881770,500,0,100.0,0.0
1062,94881770,94882270,500,0,100.0,0.0
1063,94882270,94882770,500,0,100.0,0.0
1064,94882770,94883270,500,0,100.0,0.0
1065,94883270,94883770,500,0,100.0,0.0
1066,94883770,94884270,500,0,100.0,0.0
1067,94884270,94884770,500,0,100.0,0.0
1068,94884770,94885270,500,0,100.0,0.0
1069,94885270,94885770,500,0,100.0,0.0
1070,94885770,94886270,500,0,100.0,0.0
1071,94886270,94886770,500,0,100.0,0.0
1072,94886770,94887270,500,0,100.0,0.0
1073,94887270,94887770,500,0,100.0,0.0
1074,94887770,94888270,500,0,100.0,0.0
1075,94888270,94888770,500,0,100.0,0.0
1076,94888770,94889270,500,0,100.0,0.0
1077,94889270,94889770,500,0,100.0,0.0
1078,94889770,94890270,500,0,100.0,0.0
1079,94890270,94890770,500,0,100.0,0.0
1080,94890770,94891270,500,0,100.0,0.0
1081,94891270,94891770,500,0,100.0,0.0
1082,94891770,94892270,500,0,100.0,0.0
1083,94892270,94892770,500,0,100.0,0.0
1084,94892770,94893270,500,0,100.0,0.0
1085,94893270,94893770,500,0,100.0,0.0
1086,94893770,94894270,500,0,100.0,0.0
1087,94894270,94894770,500,0,100.0,0.0
1088,94894770,94895270,500,0,100.0,0.0
1089,94895270,94895770,500,0,100.0,0.0
1090,94895770,94896270,500,0,100.0,0.0
1091,94896270,94896770,500,0,100.0,0.0
1092,94896770,94897270,500,0,100.0,0.0
1093,94897270,94897770,500,0,100.0,0.0
1094,94897770,94898270,500,0,100.0,0.0
1095,94898270,94898770,500,0,100.0,0.0
1096,94898770,94899270,500,0,100.0,0.0
1097,94899270,94899770,500,0,100.0,0.0
1098,94899770,94900270,500,0,100.0,0.0
1099,94900270,94900770,500,0,100.0,0.0
1100,94900770,94901270,500,0,100.0,0.0
1101,94901270,94901770,500,0,100.0,0.0
1102,94901770,94902270,500,0,100.0,0.0
1103,94902270,94902770,500,0,100.0,0.0
1104,94902770,94903270,500,0,100.0,0.0
1105,94903270,94903770,500,0,100.0,0.0
1106,94903770,94904270,500,0,100.0,0.0
1107,94904270,94904770,500,0,100.0,0.0
1108,94904770,94905270,500,0,100.0,0.0
1109,94905270,94905770,500,0,100.0,0.0
1110,94905770,94906270,500,0,100.0,0.0
1111,94906270,94906770,500,0,100.0,0.0
1112,94906770,94907270,500,0,100.0,0.0
1113,94907270,94907770,500,0,100.0,0.0
1114,94907770,94908270,500,0,100.0,0.0
1115,94908270,94908770,500,0,100.0,0.0
1116,94908770,94909270,500,0,100.0,0.0
1117,94909270,94909770,500,0,100.0,0.0
1118,94909770,94910270,500,0,100.0,0.0
1119,94910270,94910770,500,0,100.0,0.0
1120,94910770,94911270,500,0,100.0,0.0
1121,94911270,94911770,500,0,100.0,0.0
1122,94911770,94912270,500,0,100.0,0.0
1123,94912270,94912770,500,0,100.0,0.0
1124,94912770,94913270,500,0,100.0,0.0
1125,94913270,94913770,500,0,100.0,0.0
1126,94913770,94914270,500,0,100.0,0.0
1127,94914270,94914770,500,0,100.0,0.0
1128,94914770,94915270,500,0,100.0,0.0
1129,94915270,94915770,500,0,100.0,0.0
1130,94915770,94916270,500,0,100.0,0.0
1131,94916270,94916770,500,0,100.0,0.0
1132,94916770,94917270,500,0,100.0,0.0
1133,94917270,94917770,500,0,100.0,0.0
1134,94917770,94918270,500,0,100.0,0.0
1135,94918270,94918770,500,0,100.0,0.0
1136,94918770,94919270,500,0,100.0,0.0
1137,94919270,94919770,500,0,100.0,0.0
1138,94919770,94920270,500,0,100.0,0.0
1139,94920270,94920770,500,0,100.0,0.0
1140,94920770,94921270,500,0,100.0,0.0
1141,94921270,94921770,500,0,100.0,0.0
1142,94921770,94922270,500,0,100.0,0.0
1143,94922270,94922770,500,0,100.0,0.0
1144,94922770,94923270,500,0,100.0,0.0
1145,94923270,94923770,500,0,100.0,0.0
1146,94923770,94924270,500,0,100.0,0.0
1147,94924270,94924770,500,0,100.0,0.0
1148,94924770,94925270,500,0,100.0,0.0
1149,94925270,94925770,500,0,100.0,0.0
1150,94925770,94926270,500,0,100.0,0.0
1151,94926270,94926770,500,0,100.0,0.0
1152,94926770,94927270,500,0,100.0,0.0
1153,94927270,94927770,500,0,100.0,0.0
1154,94927770,94928270,500,0,100.0,0.0
1155,94928270,94928770,500,0,100.0,0.0
1156,94928770,94929270,500,0,100.0,0.0
1157,94929270,94929770,500,0,100.0,0.0
1158,94929770,94930270,500,0,100.0,0.0
1159,94930270,94930770,500,0,100.0,0.0
1160,94930770,94931270,500,0,100.0,0.0
1161,94931270,94931770,500,0,100.0,0.0
1162,94931770,94932270,500,0,100.0,0.0
1163,94932270,94932770,500,0,100.0,0.0
1164,94932770,94933270,500,0,100.0,0.0
1165,94933270,94933770,500,0,100.0,0.0
1166,94933770,94934270,500,0,100.0,0.0
1167,94934270,94934770,500,0,100.0,0.0
1168,94934770,94935270,500,0,100.0,0.0
1169,94935270,94935770,500,0,100.0,0.0
1170,94935770,94936270,500,0,100.0,0.0
1171,94936270,94936770,500,0,100.0,0.0
1172,94936770,94937270,500,0,100.0,0.0
1173,94937270,94937770,500,0,100.0,0.0
1174,94937770,94938270,500,0,100.0,0.0
1175,94938270,94938770,500,0,100.0,0.0
1176,94938770,94939270,500,0,100.0,0.0
1177,94939270,94939770,500,0,100.0,0.0
1178,94939770,94940270,500,0,100.0,0.0
1179,94940270,94940770,500,0,100.0,0.0
1180,94940770,94941270,500,0,100.0,0.0
1181,94941270,94941770,500,0,100.0,0.0
1182,94941770,94942270,500,0,100.0,0.0
1183,94942270,94942770,500,0,100.0,0.0
1184,94942770,94943270,500,0,100.0,0.0
1185,94943270,94943770,500,0,100.0,0.0
1186,94943770,94944270,500,0,100.0,0.0
1187,94944270,94944770,500,0,100.0,0.0
1188,94944770,94945270,500,0,100.0,0.0
1189,94945270,94945770,500,0,100.0,0.0
1190,94945770,94946270,500,0,100.0,0.0
1191,94946270,94946770,500,0,100.0,0.0
1192,94946770,94947270,500,0,100.0,0.0
1193,94947270,94947770,500,0,100.0,0.0
1194,94947770,94948270,500,0,100.0,0.0
1195,94948270,94948770,500,0,100.0,0.0
1196,94948770,94949270,500,0,100.0,0.0
1197,94949270,94949770,500,0,100.0,0.0
1198,94949770,94950270,500,0,100.0,0.0
1199,94950270,94950770,500,0,100.0,0.0
1200,94950770,94951270,500,0,100.0,0.0
1201,94951270,94951770,500,0,100.0,0.0
1202,94951770,94952270,500,0,100.0,0.0
1203,94952270,94952770,500,0,100.0,0.0
1204,94952770,94953270,500,0,100.0,0.0
1205,94953270,94953770,500,0,100.0,0.0
1206,94953770,94954270,500,0,100.0,0.0
1207,94954270,94954770,500,0,100.0,0.0
1208,94954770,94955270,500,0,100.0,0.0
1209,94955270,94955770,500,0,100.0,0.0
1210,94955770,94956270,500,0,100.0,0.0
1211,94956270,94956770,500,0,100.0,0.0
1212,94956770,94957270,500,0,100.0,0.0
1213,94957270,94957770,500,0,100.0,0.0
1214,94957770,94958270,500,0,100.0,0.0
1215,94958270,94958770,500,0,100.0,0.0
1216,94958770,94959270,500,0,100.0,0.0
1217,94959270,94959770,500,0,100.0,0.0
1218,94959770,94960270,500,0,100.0,0.0
1219,94960270,94960770,500,0,100.0,0.0
1220,94960770,94961270,500,0,100.0,0.0
1221,94961270,94961770,500,0,100.0,0.0
1222,94961770,94962270,500,0,100.0,0.0
1223,94962270,94962770,500,0,100.0,0.0
1224,94962770,94963270,500,0,100.0,0.0
1225,94963270,94963770,500,0,100.0,0.0
1226,94963770,94964270,500,0,100.0,0.0
1227,94964270,94964770,500,0,100.0,0.0
1228,94964770,94965270,500,0,100.0,0.0
1229,94965270,94965770,500,0,100.0,0.0
1230,94965770,94966270,500,0,100.0,0.0
1231,94966270,94966770,500,0,100.0,0.0
1232,94966770,94967270,500,0,100.0,0.0
1233,94967270,94967770,500,0,100.0,0.0
1234,94967770,94968270,500,0,100.0,0.0
1235,94968270,94968770,500,0,100.0,0.0
1236,94968770,94969270,500,0,100.0,0.0
1237,94969270,94969770,500,0,100.0,0.0
1238,94969770,94970270,500,0,100.0,0.0
1239,94970270,94970770,500,0,100.0,0.0
1240,94970770,94971270,500,0,100.0,0.0
1241,94971270,94971770,500,0,100.0,0.0
1242,94971770,94972270,500,0,100.0,0.0
1243,94972270,94972770,500,0,100.0,0.0
1244,94972770,94973270,500,0,100.0,0.0
1245,94973270,94973770,500,0,100.0,0.0
1246,94973770,94974270,500,0,100.0,0.0
1247,94974270,94974770,500,0,100.0,0.0
1248,94974770,94975270,500,0,100.0,0.0
1249,94975270,94975770,500,0,100.0,0.0
1250,94975770,94976270,500,0,100.0,0.0
1251,94976270,94976770,500,0,100.0,0.0
1252,94976770,94977270,500,0,100.0,0.0
1253,94977270,94977770,500,0,100.0,0.0
1254,94977770,94978270,500,0,100.0,0.0
1255,94978270,94978770,500,0,100.0,0.0
1256,94978770,94979270,500,0,100.0,0.0
1257,94979270,94979770,500,0,100.0,0.0
1258,94979770,94980270,500,0,100.0,0.0
1259,94980270,94980770,500,0,100.0,0.0
1260,94980770,94981270,500,0,100.0,0.0
1261,94981270,94981770,500,0,100.0,0.0
1262,94981770,94982270,500,0,100.0,0.0
1263,94982270,94982770,500,0,100.0,0.0
1264,94982770,94983270,500,0,100.0,0.0
1265,94983270,94983770,500,0,100.0,0.0
1266,94983770,94984270,500,0,100.0,0.0
1267,94984270,94984770,500,0,100.0,0.0
1268,94984770,94985270,500,0,100.0,0.0
1269,94985270,94985770,500,0,100.0,0.0
1270,94985770,94986270,500,0,100.0,0.0
1271,94986270,94986770,500,0,100.0,0.0
1272,94986770,94987270,500,0,100.0,0.0
1273,94987270,94987770,500,0,100.0,0.0
1274,94987770,94988270,500,0,100.0,0.0
1275,94988270,94988770,500,0,100.0,0.0
1276,94988770,94989270,500,0,100.0,0.0
1277,94989270,94989770,500,0,100.0,0.0
1278,94989770,94990270,500,0,100.0,0.0
1279,94990270,94990770,500,0,100.0,0.0
1280,94990770,94991270,500,0,100.0,0.0
1281,94991270,94991770,500,0,100.0,0.0
1282,94991770,94992270,500,0,100.0,0.0
1283,94992270,94992770,500,0,100.0,0.0
1284,94992770,94993270,500,0,100.0,0.0
1285,94993270,94993770,500,0,100.0,0.0
1286,94993770,94994270,500,0,100.0,0.0
1287,94994270,94994770,500,0,100.0,0.0
1288,94994770,94995270,500,0,100.0,0.0
1289,94995270,94995770,500,0,100.0,0.0
1290,94995770,94996270,500,0,100.0,0.0
1291,94996270,94996770,500,0,100.0,0.0
1292,94996770,94997270,500,0,100.0,0.0
1293,94997270,94997770,500,0,100.0,0.0
1294,94997770,94998270,500,0,100.0,0.0
1295,94998270,94998770,500,0,100.0,0.0
1296,94998770,94999270,500,0,100.0,0.0
1297,94999270,94999770,500,0,100.0,0.0
1298,94999770,95000270,500,0,100.0,0.0
1299,95000270,95000770,500,0,100.0,0.0
1300,95000770,95001270,500,0,100.0,0.0
1301,95001270,95001770,500,0,100.0,0.0
1302,95001770,95002270,500,0,100.0,0.0
1303,95002270,95002770,500,0,100.0,0.0
1304,95002770,95003270,500,0,100.0,0.0
1305,95003270,95003770,500,0,100.0,0.0
1306,95003770,95004270,500,0,100.0,0.0
1307,95004270,95004770,500,0,100.0,0.0
1308,95004770,95005270,500,0,100.0,0.0
1309,95005270,95005770,500,0,100.0,0.0
1310,95005770,95006270,500,0,100.0,0.0
1311,95006270,95006770,500,0,100.0,0.0
1312,95006770,95007270,500,0,100.0,0.0
1313,95007270,95007770,500,0,100.0,0.0
1314,95007770,95008270,500,0,100.0,0.0
1315,95008270,95008770,500,0,100.0,0.0
1316,95008770,95009270,500,0,100.0,0.0
1317,95009270,95009770,500,0,100.0,0.0
1318,95009770,95010270,500,0,100.0,0.0
1319,95010270,95010770,500,0,100.0,0.0
1320,95010770,95011270,500,0,100.0,0.0
1321,95011270,95011770,500,0,100.0,0.0
1322,95011770,95012270,500,0,100.0,0.0
1323,95012270,95012770,500,0,100.0,0.0
1324,95012770,95013270,500,0,100.0,0.0
1325,95013270,95013770,500,0,100.0,0.0
1326,95013770,95014270,500,0,100.0,0.0
1327,95014270,95014770,500,0,100.0,0.0
1328,95014770,95015270,500,0,100.0,0.0
1329,95015270,95015770,500,0,100.0,0.0
1330,95015770,95016270,500,0,100.0,0.0
1331,95016270,95016770,500,0,100.0,0.0
1332,95016770,95017270,500,0,100.0,0.0
1333,95017270,95017770,500,0,100.0,0.0
1334,95017770,95018270,500,0,100.0,0.0
1335,95018270,95018770,500,0,100.0,0.0
1336,95018770,95019270,500,0,100.0,0.0
1337,95019270,95019770,500,0,100.0,0.0
1338,95019770,95020270,500,0,100.0,0.0
1339,95020270,95020770,500,0,100.0,0.0
1340,95020770,95021270,500,0,100.0,0.0
1341,95021270,95021770,500,0,100.0,0.0
1342,95021770,95022270,500,0,100.0,0.0
1343,95022270,95022770,500,0,100.0,0.0
1344,95022770,95023270,500,0,100.0,0.0
1345,95023270,95023770,500,0,100.0,0.0
1346,95023770,95024270,500,0,100.0,0.0
1347,95024270,95024770,500,0,100.0,0.0
1348,95024770,95025270,500,0,100.0,0.0
1349,95025270,95025770,500,0,100.0,0.0
1350,95025770,95026270,500,0,100.0,0.0
1351,95026270,95026770,500,0,100.0,0.0
1352,95026770,95027270,500,0,100.0,0.0
1353,95027270,95027770,500,0,100.0,0.0
1354,95027770,95028270,500,0,100.0,0.0
1355,95028270,95028770,500,0,100.0,0.0
1356,95028770,95029270,500,0,100.0,0.0
1357,95029270,95029770,500,0,100.0,0.0
1358,95029770,95030270,500,0,100.0,0.0
1359,95030270,95030770,500,0,100.0,0.0
1360,95030770,95031270,500,0,100.0,0.0
1361,95031270,95031770,500,0,100.0,0.0
1362,95031770,95032270,500,0,100.0,0.0
1363,95032270,95032770,500,0,100.0,0.0
1364,95032770,95033270,500,0,100.0,0.0
1365,95033270,95033770,500,0,100.0,0.0
1366,95033770,95034270,500,0,100.0,0.0
1367,95034270,95034770,500,0,100.0,0.0
1368,95034770,95035270,500,0,100.0,0.0
1369,95035270,95035770,500,0,100.0,0.0
1370,95035770,95036270,500,0,100.0,0.0
1371,95036270,95036770,500,0,100.0,0.0
1372,95036770,95037270,208,292,41.6,58.4
1373,95037270,95037770,16,484,3.2,96.8
1374,95037770,95037848,1,77,1.282051282051282,98.71794871794872
