process,name,timestamp,running_time,idle_time,uart_transmit_calls,uart_receive_calls,i2c_read_calls,i2d_write_calls,spi_transfer_calls,gpio_interrupt_calls,adc_read_calls,sleep_calls
0,status_led,1002,1002,0,0,0,0,0,0,1,0,1
1,temp_monitor,1002,918,84,6,0,0,0,0,0,7,6
0,safety,1502,1502,0,0,0,0,0,0,42104,14034,14034
0,status_led,2002,14,1988,0,0,0,0,0,1,0,1
1,power,2002,1299,703,130,130,0,0,260,0,0,33410
2,temp_monitor,2002,11,1991,4,0,0,0,0,0,5,4
3,gcode_parser,2002,270,1732,106,106,0,0,0,0,0,106
4,network,2002,408,1594,130,130,0,0,260,0,0,33410
0,temp_monitor,2502,117,2385,9,0,0,0,0,0,10,9
1,network,2502,2078,424,287,288,0,0,574,0,0,73759
2,gcode_parser,2502,398,2104,233,234,0,0,0,0,0,233
0,network,3002,3002,0,488,489,0,0,977,0,0,125495
1,status_led,3002,0,3002,0,0,0,0,0,3,0,2
0,safety,3502,2213,1289,0,0,0,0,0,19500,6500,6500
1,gcode_parser,3502,63,3439,178,178,0,0,0,0,0,178
2,network,3502,733,2769,219,220,0,0,439,0,0,56430
3,stepper,3502,5,3497,0,0,0,0,18,18,0,18
4,power,3502,488,3014,219,220,0,0,439,0,0,56429
0,power,4002,4002,0,1045,1046,0,0,2090,0,0,268565
0,power,4502,1298,3204,301,302,0,0,602,0,0,77357
1,gcode_parser,4502,96,4406,244,244,0,0,0,0,0,244
2,temp_monitor,4502,2,4500,9,0,0,0,0,0,10,9
3,safety,4502,3100,1402,0,0,0,0,0,26784,8928,8928
4,stepper,4502,104,4398,0,0,0,0,25,25,0,25
0,power,5002,4301,701,775,775,0,0,1550,0,0,199175
1,gcode_parser,5002,701,4301,628,629,0,0,0,0,0,628
0,stepper,5502,18,5484,0,0,0,0,29,29,0,29
1,power,5502,1215,4287,345,346,0,0,691,0,0,88737
2,safety,5502,3476,2026,0,0,0,0,0,30705,10235,10235
3,network,5502,695,4807,345,346,0,0,691,0,0,88737
4,gcode_parser,5502,98,5404,280,280,0,0,0,0,0,280
0,power,6002,5049,953,691,691,0,0,1382,0,0,177587
1,gcode_parser,6002,921,5081,560,560,0,0,0,0,0,560
2,temp_monitor,6002,34,5968,22,0,0,0,0,0,23,22
0,gcode_parser,6502,173,6329,437,437,0,0,0,0,0,437
1,temp_monitor,6502,6,6496,17,0,0,0,0,0,18,17
2,safety,6502,4454,2048,0,0,0,0,0,48018,16006,16006
3,power,6502,1881,4621,540,540,0,0,1080,0,0,138780
0,power,7002,1454,5548,524,524,0,0,1048,0,0,134667
1,temp_monitor,7002,8,6994,17,0,0,0,0,0,18,17
2,network,7002,1131,5871,524,524,0,0,1048,0,0,134667
3,safety,7002,4409,2593,0,0,0,0,0,46564,15521,15521
0,temp_monitor,7502,7502,0,97,0,0,0,0,0,99,97
0,power,8002,8002,0,2093,2094,0,0,4186,0,0,537900
0,power,8502,8499,3,1387,1387,0,0,2774,0,0,356459
1,status_led,8502,3,8499,0,0,0,0,0,6,0,5
0,safety,9002,9002,0,0,0,0,0,0,254290,84763,84763
0,status_led,9502,9502,0,0,0,0,0,0,14,0,13
0,stepper,10002,10002,0,0,0,0,0,325,326,0,325
0,status_led,10502,783,9719,0,0,0,0,0,7,0,7
1,temp_monitor,10502,9719,783,68,0,0,0,0,0,69,68
0,network,11002,11002,0,2878,2880,0,0,5757,0,0,739895
0,temp_monitor,11502,78,11424,36,0,0,0,0,0,37,36
1,network,11502,9478,2024,1129,1130,0,0,2259,0,0,290172
2,power,11502,1946,9556,1129,1130,0,0,2259,0,0,290171
0,gcode_parser,12002,1880,10122,879,879,0,0,0,0,0,879
1,status_led,12002,5,11997,0,0,0,0,0,4,0,4
2,temp_monitor,12002,66,11936,35,0,0,0,0,0,36,35
3,network,12002,10051,1951,1084,1085,0,0,2169,0,0,278797
0,stepper,12502,26,12476,0,0,0,0,65,65,0,65
1,temp_monitor,12502,289,12213,25,0,0,0,0,0,26,25
2,safety,12502,8134,4368,0,0,0,0,0,69927,23309,23309
3,power,12502,2926,9576,786,787,0,0,1572,0,0,202002
4,network,12502,1407,11095,786,787,0,0,1572,0,0,202002
0,network,13002,9614,3388,1694,1695,0,0,3389,0,0,435381
1,power,13002,3388,9614,1694,1695,0,0,3389,0,0,435380
0,status_led,13502,110,13392,0,0,0,0,0,4,0,4
1,network,13502,3760,9742,926,927,0,0,1853,0,0,238195
2,temp_monitor,13502,20,13482,30,0,0,0,0,0,31,30
3,stepper,13502,12,13490,0,0,0,0,76,76,0,76
4,safety,13502,9696,3806,0,0,0,0,0,82401,27467,27467
0,power,14002,3456,10546,1294,1294,0,0,2588,0,0,332557
1,network,14002,2179,11823,1294,1294,0,0,2588,0,0,332557
2,safety,14002,8368,5634,0,0,0,0,0,115066,38354,38354
0,safety,14502,10304,4198,0,0,0,0,0,89196,29732,29732
1,temp_monitor,14502,15,14487,32,0,0,0,0,0,33,32
2,stepper,14502,9,14493,0,0,0,0,82,82,0,82
3,status_led,14502,0,14502,0,0,0,0,0,4,0,4
4,network,14502,4174,10328,1003,1003,0,0,2006,0,0,257771
0,network,15002,14891,111,1765,1765,0,0,3530,0,0,453605
1,status_led,15002,7,14995,0,0,0,0,0,6,0,6
2,temp_monitor,15002,213,14789,57,0,0,0,0,0,58,57
0,network,15502,15502,0,4057,4059,0,0,8115,0,0,1042794
0,power,16002,4719,11283,1082,1082,0,0,2164,0,0,278074
1,safety,16002,10963,5039,0,0,0,0,0,96255,32085,32085
2,gcode_parser,16002,303,15699,876,876,0,0,0,0,0,876
3,stepper,16002,17,15985,0,0,0,0,89,89,0,89
4,temp_monitor,16002,8,15994,35,0,0,0,0,0,36,35
0,stepper,16502,308,16194,0,0,0,0,107,107,0,107
1,network,16502,14259,2243,1308,1308,0,0,2616,0,0,336156
2,power,16502,2023,14479,1308,1308,0,0,2616,0,0,336156
3,status_led,16502,6,16496,0,0,0,0,0,6,0,5
0,safety,17002,11489,5513,0,0,0,0,0,157428,52476,52476
1,network,17002,5495,11507,1770,1770,0,0,3540,0,0,454890
2,stepper,17002,18,16984,0,0,0,0,145,145,0,145
0,temp_monitor,17502,116,17386,55,0,0,0,0,0,56,55
1,power,17502,14427,3075,1719,1719,0,0,3438,0,0,441783
2,network,17502,2959,14543,1719,1719,0,0,3438,0,0,441783
0,safety,18002,18002,0,0,0,0,0,0,508915,169638,169638
0,stepper,18502,18502,0,0,0,0,0,601,602,0,601
0,gcode_parser,19002,2698,16304,2389,2389,0,0,0,0,0,2389
1,power,19002,16308,2694,2950,2950,0,0,5899,0,0,758149
0,gcode_parser,19502,2762,16740,2452,2452,0,0,0,0,0,2452
1,power,19502,16740,2762,3027,3028,0,0,6055,0,0,777986
0,power,20002,19875,127,3139,3139,0,0,6278,0,0,806723
1,temp_monitor,20002,175,19827,102,0,0,0,0,0,103,102
0,power,20502,16855,3647,2014,2014,0,0,4028,0,0,517598
1,network,20502,3523,16979,2014,2014,0,0,4028,0,0,517598
2,temp_monitor,20502,286,20216,65,0,0,0,0,0,66,65
0,gcode_parser,21002,2686,18316,1632,1632,0,0,0,0,0,1632
1,power,21002,14581,6421,2017,2017,0,0,4034,0,0,518368
2,network,21002,3743,17259,2017,2017,0,0,4034,0,0,518368
0,safety,21502,15060,6442,0,0,0,0,0,131478,43826,43826
1,gcode_parser,21502,390,21112,1197,1197,0,0,0,0,0,1197
2,stepper,21502,20,21482,0,0,0,0,121,121,0,121
3,network,21502,6031,15471,1478,1478,0,0,2956,0,0,379846
4,status_led,21502,1,21501,0,0,0,0,0,5,0,5
0,safety,22002,14805,7197,0,0,0,0,0,203952,67984,67984
1,stepper,22002,19,21983,0,0,0,0,187,187,0,187
2,network,22002,7179,14823,2293,2293,0,0,4586,0,0,589301
0,safety,22502,15763,6739,0,0,0,0,0,137673,45891,45891
1,gcode_parser,22502,436,22066,1253,1253,0,0,0,0,0,1253
2,network,22502,6282,16220,1548,1548,0,0,3096,0,0,397836
3,stepper,22502,20,22482,0,0,0,0,127,127,0,127
4,status_led,22502,1,22501,0,0,0,0,0,6,0,6
0,safety,23002,23002,0,0,0,0,0,0,650374,216791,216791
0,gcode_parser,23502,3731,19771,2193,2193,0,0,0,0,0,2193
1,power,23502,19640,3862,2709,2710,0,0,5419,0,0,696438
2,temp_monitor,23502,140,23362,88,0,0,0,0,0,89,88
0,temp_monitor,24002,498,23504,103,0,0,0,0,0,104,103
1,gcode_parser,24002,22291,1711,2565,2565,0,0,0,0,0,2565
2,stepper,24002,1213,22789,0,0,0,0,260,261,0,260
0,power,24502,7260,17242,2037,2037,0,0,4074,0,0,523509
1,safety,24502,16717,7785,0,0,0,0,0,181170,60390,60390
2,stepper,24502,34,24468,0,0,0,0,167,167,0,167
3,gcode_parser,24502,498,24004,1649,1649,0,0,0,0,0,1649
0,power,25002,5513,19489,1984,1985,0,0,3969,0,0,509988
1,status_led,25002,13,24989,0,0,0,0,0,7,0,7
2,temp_monitor,25002,159,24843,64,0,0,0,0,0,65,64
3,network,25002,19317,5685,1984,1985,0,0,3969,0,0,509989
0,gcode_parser,25502,736,24766,1933,1933,0,0,0,0,0,1933
1,temp_monitor,25502,33,25469,77,0,0,0,0,0,78,77
2,safety,25502,24698,804,0,0,0,0,0,212370,70790,70790
3,stepper,25502,35,25467,0,0,0,0,195,195,0,195
0,status_led,26002,26002,0,0,0,0,0,0,35,0,34
0,temp_monitor,26502,33,26469,71,0,0,0,0,0,72,71
1,network,26502,8152,18350,2199,2199,0,0,4398,0,0,565143
2,safety,26502,18316,8186,0,0,0,0,0,195598,65199,65199
3,status_led,26502,1,26501,0,0,0,0,0,8,0,8
0,stepper,27002,296,26706,0,0,0,0,145,145,0,145
1,power,27002,20015,6987,1769,1770,0,0,3539,0,0,454844
2,network,27002,2957,24045,1769,1770,0,0,3539,0,0,454843
3,status_led,27002,6,26996,0,0,0,0,0,6,0,6
4,gcode_parser,27002,3728,23274,1432,1432,0,0,0,0,0,1432
0,network,27502,7707,19795,1889,1890,0,0,3778,0,0,485473
1,status_led,27502,0,27502,0,0,0,0,0,7,0,7
2,stepper,27502,28,27474,0,0,0,0,155,155,0,155
3,safety,27502,19747,7755,0,0,0,0,0,168060,56020,56020
4,temp_monitor,27502,20,27482,61,0,0,0,0,0,62,61
0,safety,28002,28002,0,0,0,0,0,0,791830,263943,263943
0,temp_monitor,28502,28502,0,369,0,0,0,0,0,371,369
0,network,29002,29002,0,7594,7595,0,0,15188,0,0,1951658
0,power,29502,29155,347,4812,4813,0,0,9625,0,0,1236810
1,stepper,29502,409,29093,0,0,0,0,393,394,0,393
0,stepper,30002,467,29535,0,0,0,0,227,227,0,227
1,power,30002,29297,705,2780,2780,0,0,5560,0,0,714460
2,temp_monitor,30002,220,29782,90,0,0,0,0,0,91,90
3,status_led,30002,18,29984,0,0,0,0,0,11,0,10
0,gcode_parser,30502,967,29535,2994,2994,0,0,0,0,0,2994
1,safety,30502,29499,1003,0,0,0,0,0,328971,109657,109657
2,stepper,30502,36,30466,0,0,0,0,302,302,0,302
0,safety,31002,30958,44,0,0,0,0,0,339108,113036,113036
1,stepper,31002,120,30882,0,0,0,0,311,311,0,311
2,status_led,31002,3,30999,0,0,0,0,0,13,0,13
0,network,31502,19589,11913,3095,3095,0,0,6190,0,0,795415
1,temp_monitor,31502,153,31349,100,0,0,0,0,0,101,100
2,power,31502,11760,19742,3095,3095,0,0,6190,0,0,795415
0,network,32002,22221,9781,3073,3074,0,0,6147,0,0,790006
1,power,32002,5696,26306,3073,3074,0,0,6147,0,0,790006
2,gcode_parser,32002,4085,27917,2487,2488,0,0,0,0,0,2487
0,network,32502,10507,21995,3387,3388,0,0,6775,0,0,870609
1,stepper,32502,29,32473,0,0,0,0,277,277,0,277
2,safety,32502,21966,10536,0,0,0,0,0,301339,100446,100446
0,network,33002,33002,0,8642,8643,0,0,17284,0,0,2220994
0,temp_monitor,33502,224,33278,193,0,0,0,0,0,194,193
1,safety,33502,33448,54,0,0,0,0,0,530332,176777,176777
0,temp_monitor,34002,45,33957,74,0,0,0,0,0,75,74
1,gcode_parser,34002,702,33300,1857,1857,0,0,0,0,0,1857
2,status_led,34002,1,34001,0,0,0,0,0,8,0,8
3,network,34002,9745,24257,2294,2294,0,0,4588,0,0,589558
4,safety,34002,23514,10488,0,0,0,0,0,204069,68023,68023
0,temp_monitor,34502,226,34276,179,0,0,0,0,0,180,179
1,network,34502,34276,226,5522,5523,0,0,11044,0,0,1419154
0,stepper,35002,1886,33116,0,0,0,0,378,378,0,378
1,temp_monitor,35002,701,34301,150,0,0,0,0,0,151,150
2,gcode_parser,35002,32488,2514,3741,3741,0,0,0,0,0,3741
0,status_led,35502,3042,32460,0,0,0,0,0,9,0,9
1,power,35502,7496,28006,2681,2682,0,0,5363,0,0,689154
2,safety,35502,22378,13124,0,0,0,0,0,238530,79509,79509
3,network,35502,5613,29889,2681,2682,0,0,5363,0,0,689154
0,safety,36002,25897,10105,0,0,0,0,0,222081,74027,74027
1,network,36002,10031,25971,2497,2497,0,0,4993,0,0,641728
2,status_led,36002,3,35999,0,0,0,0,0,9,0,9
3,temp_monitor,36002,35,35967,81,0,0,0,0,0,82,81
4,stepper,36002,132,35870,0,0,0,0,204,204,0,204
0,status_led,36502,15,36487,0,0,0,0,0,9,0,9
1,network,36502,10424,26078,2466,2466,0,0,4932,0,0,633762
2,temp_monitor,36502,140,36362,80,0,0,0,0,0,81,80
3,safety,36502,25341,11161,0,0,0,0,0,219369,73123,73123
4,gcode_parser,36502,691,35811,1996,1996,0,0,0,0,0,1996
0,status_led,37002,19,36983,0,0,0,0,0,12,0,12
1,temp_monitor,37002,277,36725,112,0,0,0,0,0,113,112
2,safety,37002,35973,1029,0,0,0,0,0,308112,102704,102704
3,gcode_parser,37002,963,36039,2804,2804,0,0,0,0,0,2804
0,temp_monitor,37502,51,37451,115,0,0,0,0,0,116,115
1,safety,37502,37394,108,0,0,0,0,0,315784,105261,105261
2,status_led,37502,4,37498,0,0,0,0,0,12,0,12
3,stepper,37502,53,37449,0,0,0,0,290,290,0,290
0,temp_monitor,38002,241,37761,91,0,0,0,0,0,92,91
1,status_led,38002,6,37996,0,0,0,0,0,10,0,10
2,stepper,38002,477,37525,0,0,0,0,229,229,0,229
3,network,38002,31353,6649,2801,2801,0,0,5602,0,0,719857
4,gcode_parser,38002,5935,32067,2270,2270,0,0,0,0,0,2270
0,temp_monitor,38502,248,38254,81,0,0,0,0,0,82,81
1,power,38502,27618,10884,2507,2508,0,0,5015,0,0,644429
2,status_led,38502,974,37528,0,0,0,0,0,9,0,9
3,network,38502,5213,33289,2507,2508,0,0,5015,0,0,644428
4,gcode_parser,38502,5400,33102,2029,2029,0,0,0,0,0,2029
0,temp_monitor,39002,39002,0,505,0,0,0,0,0,507,505
0,stepper,39502,39502,0,0,0,0,0,1000,1001,0,1000
0,safety,40002,39943,59,0,0,0,0,0,437595,145865,145865
1,status_led,40002,5,39997,0,0,0,0,0,17,0,17
2,stepper,40002,60,39942,0,0,0,0,402,402,0,402
0,gcode_parser,40502,40502,0,12519,12520,0,0,0,0,0,12519
0,safety,41002,26209,14793,0,0,0,0,0,229386,76462,76462
1,gcode_parser,41002,731,40271,2088,2088,0,0,0,0,0,2088
2,power,41002,9605,31397,2579,2579,0,0,5158,0,0,662803
3,network,41002,4423,36579,2579,2579,0,0,5158,0,0,662803
4,stepper,41002,34,40968,0,0,0,0,211,211,0,211
0,network,41502,40495,1007,3844,3844,0,0,7688,0,0,987908
1,status_led,41502,23,41479,0,0,0,0,0,13,0,13
2,temp_monitor,41502,307,41195,125,0,0,0,0,0,126,125
3,stepper,41502,779,40723,0,0,0,0,314,314,0,314
0,status_led,42002,13,41989,0,0,0,0,0,12,0,12
1,temp_monitor,42002,40,41962,113,0,0,0,0,0,114,113
2,network,42002,12556,29446,3492,3492,0,0,6983,0,0,897443
3,safety,42002,29393,12609,0,0,0,0,0,310602,103534,103534
0,power,42502,42502,0,11130,11132,0,0,22261,0,0,2860577
0,status_led,43002,43002,0,0,0,0,0,0,57,0,56
0,status_led,43502,16,43486,0,0,0,0,0,10,0,10
1,stepper,43502,38,43464,0,0,0,0,244,244,0,244
2,safety,43502,30670,12832,0,0,0,0,0,266021,88673,88673
3,power,43502,11936,31566,2990,2991,0,0,5981,0,0,768606
4,gcode_parser,43502,842,42660,2421,2421,0,0,0,0,0,2421
0,gcode_parser,44002,43908,94,7016,7016,0,0,0,0,0,7016
1,status_led,44002,563,43439,0,0,0,0,0,30,0,29
0,network,44502,10987,33515,4114,4114,0,0,8228,0,0,1057298
1,power,44502,6939,37563,4114,4114,0,0,8228,0,0,1057298
2,safety,44502,26580,17922,0,0,0,0,0,365992,121997,121997
0,stepper,45002,566,44436,0,0,0,0,289,289,0,289
1,temp_monitor,45002,330,44672,115,0,0,0,0,0,116,115
2,power,45002,37859,7143,3538,3538,0,0,7076,0,0,909266
3,network,45002,6293,38709,3538,3538,0,0,7076,0,0,909266
0,power,45502,38213,7289,5249,5249,0,0,10498,0,0,1348993
1,status_led,45502,21,45481,0,0,0,0,0,18,0,18
2,gcode_parser,45502,7269,38233,4249,4249,0,0,0,0,0,4249
0,status_led,46002,1848,44154,0,0,0,0,0,16,0,16
1,power,46002,15022,30980,4790,4790,0,0,9579,0,0,1231029
2,safety,46002,30965,15037,0,0,0,0,0,426075,142025,142025
0,safety,46502,32073,14429,0,0,0,0,0,344025,114675,114675
1,power,46502,13384,33118,3867,3868,0,0,7734,0,0,993819
2,gcode_parser,46502,1002,45500,3131,3131,0,0,0,0,0,3131
3,stepper,46502,43,46459,0,0,0,0,316,316,0,316
