task_id,timestamp_us,total_run_time,total_io_wait_time,total_ready_wait_time,delta
B,99997,39854,0,40016,10
C,109997,39984,0,49886,10
B,199997,89834,0,90036,10
B,299997,139814,0,140056,10
C,329997,149940,0,159930,10
B,399997,189794,0,190076,10
B,499997,239774,0,240096,10
C,549997,259896,0,269974,10
B,599997,289754,0,290116,10
B,699997,339734,0,340136,10
C,769997,369852,0,380018,10
B,799997,389714,0,390156,10
B,899997,439694,0,440176,10
C,989997,479808,0,490062,10
B,999997,489674,0,490196,10
B,1099997,539654,0,540216,10
B,1199997,589634,0,590236,10
C,1209997,589764,0,600106,10
B,1299997,639614,0,640256,10
B,1399997,689594,0,690276,10
C,1429997,699720,0,710150,10
B,1499997,739574,0,740296,10
B,1599997,789554,0,790316,10
C,1649997,809676,0,820194,10
B,1699997,839534,0,840336,10
B,1799997,889514,0,890356,10
C,1869997,919632,0,930238,10
B,1899997,939494,0,940376,10
B,1999997,989474,0,990396,10
C,2089997,1029588,0,1040282,10
B,2099997,1039454,0,1040416,10
B,2199997,1089434,0,1090436,10
B,2299997,1139414,0,1140456,10
C,2309997,1139544,0,1150326,10
B,2399997,1189394,0,1190476,10
B,2499997,1239374,0,1240496,10
C,2529997,1249500,0,1260370,10
B,2599997,1289354,0,1290516,10
B,2699997,1339334,0,1340536,10
C,2749997,1359456,0,1370414,10
B,2799997,1389314,0,1390556,10
B,2899997,1439294,0,1440576,10
C,2969997,1469412,0,1480458,10
B,2999997,1489274,0,1490596,10
B,3099997,1539254,0,1540616,10
C,3189997,1579368,0,1590502,10
B,3199997,1589234,0,1590636,10
B,3299997,1639214,0,1640656,10
B,3399997,1689194,0,1690676,10
C,3409997,1689324,0,1700546,10
B,3499997,1739174,0,1740696,10
B,3599997,1789154,0,1790716,10
C,3629997,1799280,0,1810590,10
B,3699997,1839134,0,1840736,10
B,3799997,1889114,0,1890756,10
C,3849997,1909236,0,1920634,10
B,3899997,1939094,0,1940776,10
B,3999997,1989074,0,1990796,10
C,4069997,2019192,0,2030678,10
B,4099997,2039054,0,2040816,10
B,4199997,2089034,0,2090836,10
C,4289997,2129148,0,2140722,10
B,4299997,2139014,0,2140856,10
B,4399997,2188994,0,2190876,10
B,4499997,2238974,0,2240896,10
C,4509997,2239104,0,2250766,10
B,4599997,2288954,0,2290916,10
B,4699997,2338934,0,2340936,10
C,4729997,2349060,0,2360810,10
B,4799997,2388914,0,2390956,10
B,4899997,2438894,0,2440976,10
C,4949997,2459016,0,2470854,10
B,4999997,2488874,0,2490996,10
B,5099997,2538854,0,2541016,10
C,5169997,2568972,0,2580898,10
B,5199997,2588834,0,2591036,10
B,5299997,2638814,0,2641056,10
C,5389997,2678928,0,2690942,10
B,5399997,2688794,0,2691076,10
B,5499997,2738774,0,2741096,10
B,5599997,2788754,0,2791116,10
C,5609997,2788884,0,2800986,10
B,5699997,2838734,0,2841136,10
B,5799997,2888714,0,2891156,10
C,5829997,2898840,0,2911030,10
B,5899997,2938694,0,2941176,10
B,5999997,2988674,0,2991196,10
C,6049997,3008796,0,3021074,10
B,6099997,3038654,0,3041216,10
B,6199997,3088634,0,3091236,10
C,6269997,3118752,0,3131118,10
B,6299997,3138614,0,3141256,10
B,6399997,3188594,0,3191276,10
C,6489997,3228708,0,3241162,10
B,6499997,3238574,0,3241296,10
B,6599997,3288554,0,3291316,10
B,6699997,3338534,0,3341336,10
C,6709997,3338664,0,3351206,10
B,6799997,3388514,0,3391356,10
B,6899997,3438494,0,3441376,10
C,6929997,3448620,0,3461250,10
B,6999997,3488474,0,3491396,10
B,7099997,3538454,0,3541416,10
C,7149997,3558576,0,3571294,10
B,7199997,3588434,0,3591436,10
B,7299997,3638414,0,3641456,10
C,7369997,3668532,0,3681338,10
B,7399997,3688394,0,3691476,10
B,7499997,3738374,0,3741496,10
C,7589997,3778488,0,3791382,10
B,7599997,3788354,0,3791516,10
B,7699997,3838334,0,3841536,10
B,7799997,3888314,0,3891556,10
C,7809997,3888444,0,3901426,10
B,7899997,3938294,0,3941576,10
B,7999997,3988274,0,3991596,10
C,8029997,3998400,0,4011470,10
B,8099997,4038254,0,4041616,10
B,8199997,4088234,0,4091636,10
C,8249997,4108356,0,4121514,10
B,8299997,4138214,0,4141656,10
B,8399997,4188194,0,4191676,10
C,8469997,4218312,0,4231558,10
B,8499997,4238174,0,4241696,10
B,8599997,4288154,0,4291716,10
C,8689997,4328268,0,4341602,10
B,8699997,4338134,0,4341736,10
B,8799997,4388114,0,4391756,10
B,8899997,4438094,0,4441776,10
C,8909997,4438224,0,4451646,10
B,8999997,4488074,0,4491796,10
B,9099997,4538054,0,4541816,10
C,9129997,4548180,0,4561690,10
B,9199997,4588034,0,4591836,10
B,9299997,4638014,0,4641856,10
C,9349997,4658136,0,4671734,10
B,9399997,4687994,0,4691876,10
B,9499997,4737974,0,4741896,10
C,9569997,4768092,0,4781778,10
B,9599997,4787954,0,4791916,10
B,9699997,4837934,0,4841936,10
C,9789997,4878048,0,4891822,10
B,9799997,4887914,0,4891956,10
B,9899997,4937894,0,4941976,10
B,9999997,4987874,0,4991996,10
C,10009997,4988004,0,5001866,10
B,10099997,5037854,0,5042016,10
B,10199997,5087834,0,5092036,10
C,10229997,5097960,0,5111910,10
B,10299997,5137814,0,5142056,10
B,10399997,5187794,0,5192076,10
C,10449997,5207916,0,5221954,10
B,10499997,5237774,0,5242096,10
B,10599997,5287754,0,5292116,10
C,10669997,5317872,0,5331998,10
B,10699997,5337734,0,5342136,10
B,10799997,5387714,0,5392156,10
C,10889997,5427828,0,5442042,10
B,10899997,5437694,0,5442176,10
B,10999997,5487674,0,5492196,10
B,11099997,5537654,0,5542216,10
C,11109997,5537784,0,5552086,10
B,11199997,5587634,0,5592236,10
B,11299997,5637614,0,5642256,10
C,11329997,5647740,0,5662130,10
B,11399997,5687594,0,5692276,10
B,11499997,5737574,0,5742296,10
C,11549997,5757696,0,5772174,10
B,11599997,5787554,0,5792316,10
B,11699997,5837534,0,5842336,10
C,11769997,5867652,0,5882218,10
B,11799997,5887514,0,5892356,10
B,11899997,5937494,0,5942376,10
C,11989997,5977608,0,5992262,10
B,11999997,5987474,0,5992396,10
B,12099997,6037454,0,6042416,10
B,12199997,6087434,0,6092436,10
C,12209997,6087564,0,6102306,10
B,12299997,6137414,0,6142456,10
B,12399997,6187394,0,6192476,10
C,12429997,6197520,0,6212350,10
B,12499997,6237374,0,6242496,10
B,12599997,6287354,0,6292516,10
C,12649997,6307476,0,6322394,10
B,12699997,6337334,0,6342536,10
B,12799997,6387314,0,6392556,10
C,12869997,6417432,0,6432438,10
B,12899997,6437294,0,6442576,10
B,12999997,6487274,0,6492596,10
C,13089997,6527388,0,6542482,10
B,13099997,6537254,0,6542616,10
B,13199997,6587234,0,6592636,10
B,13299997,6637214,0,6642656,10
C,13309997,6637344,0,6652526,10
B,13399997,6687194,0,6692676,10
B,13499997,6737174,0,6742696,10
C,13529997,6747300,0,6762570,10
B,13599997,6787154,0,6792716,10
B,13699997,6837134,0,6842736,10
C,13749997,6857256,0,6872614,10
B,13799997,6887114,0,6892756,10
B,13899997,6937094,0,6942776,10
C,13969997,6967212,0,6982658,10
B,13999997,6987074,0,6992796,10
B,14099997,7037054,0,7042816,10
C,14189997,7077168,0,7092702,10
B,14199997,7087034,0,7092836,10
B,14299997,7137014,0,7142856,10
B,14399997,7186994,0,7192876,10
C,14409997,7187124,0,7202746,10
B,14499997,7236974,0,7242896,10
B,14599997,7286954,0,7292916,10
C,14629997,7297080,0,7312790,10
B,14699997,7336934,0,7342936,10
B,14799997,7386914,0,7392956,10
C,14849997,7407036,0,7422834,10
B,14899997,7436894,0,7442976,10
B,14999997,7486874,0,7492996,10
C,15069997,7516992,0,7532878,10
B,15099997,7536854,0,7543016,10
B,15199997,7586834,0,7593036,10
C,15289997,7626948,0,7642922,10
B,15299997,7636814,0,7643056,10
B,15399997,7686794,0,7693076,10
B,15499997,7736774,0,7743096,10
C,15509997,7736904,0,7752966,10
B,15599997,7786754,0,7793116,10
B,15699997,7836734,0,7843136,10
C,15729997,7846860,0,7863010,10
B,15799997,7886714,0,7893156,10
B,15899997,7936694,0,7943176,10
C,15949997,7956816,0,7973054,10
B,15999997,7986674,0,7993196,10
B,16099997,8036654,0,8043216,10
C,16169997,8066772,0,8083098,10
B,16199997,8086634,0,8093236,10
B,16299997,8136614,0,8143256,10
C,16389997,8176728,0,8193142,10
B,16399997,8186594,0,8193276,10
B,16499997,8236574,0,8243296,10
B,16599997,8286554,0,8293316,10
C,16609997,8286684,0,8303186,10
B,16699997,8336534,0,8343336,10
B,16799997,8386514,0,8393356,10
C,16829997,8396640,0,8413230,10
B,16899997,8436494,0,8443376,10
