task_id,timestamp,total_run_timf,total_io_wait_time,total_ready_wait_time,wait_pct,delta
C,10007,0,0,19382,1,10
B,20007,19372,0,20008,0.5080752,10
C,30007,20000,0,39390,0.663243,10
B,40007,39372,0,40016,0.50405604,10
C,50007,40000,0,59398,0.5975774,10
B,60007,59372,0,60024,0.5027304,10
C,70007,60000,0,79406,0.56960243,10
B,80007,79372,0,80032,0.5020702,10
C,88222,80000,0,95840,0.54504097,10
C,98222,100000,0,95846,0.48939472,10
C,108222,120000,0,95852,0.4440635,10
C,118222,140000,0,95858,0.4064225,10
C,128222,160000,0,95864,0.3746678,10
C,138222,180000,0,95870,0.34751877,10
B,148222,79390,100256,99784,0.35709837,10
C,158222,200000,0,115878,0.36684415,10
B,168222,99390,200512,119792,0.285427,10
C,178222,220000,0,135886,0.38182452,10
B,188222,119390,300768,139800,0.24966158,10
C,198222,240000,0,155894,0.39377713,10
B,208222,139390,401024,159808,0.22822477,10
C,218222,260000,0,175902,0.40353566,10
B,228222,159390,501280,179816,0.21394289,10
C,236157,280000,0,191776,0.406498,10
C,246157,300000,0,191784,0.38997608,10
C,256157,320000,0,191792,0.374746,10
C,266157,340000,0,191800,0.3606619,10
C,276157,360000,0,191808,0.34759918,10
C,286157,380000,0,191816,0.33545056,10
B,296157,159408,601538,199568,0.20777209,10
C,306157,400000,0,211826,0.34621936,10
B,316157,179408,701796,219578,0.19947456,10
C,326157,420000,0,231836,0.35566616,10
B,336157,199408,802054,239588,0.19305266,10
C,346157,440000,0,251846,0.36402032,10
B,356157,219408,902312,259598,0.187935,10
C,366157,460000,0,271856,0.37146106,10
B,376157,239408,1002570,279608,0.1837609,10
C,384093,480000,0,287732,0.37478182,10
C,394093,500000,0,287740,0.36527282,10
C,404093,520000,0,287748,0.35623488,10
C,414093,540000,0,287756,0.34763384,10
C,424093,560000,0,287764,0.3394388,10
C,434093,580000,0,287772,0.33162168,10
B,444093,239424,1102828,299358,0.18235634,10
C,454093,600000,0,307782,0.33904836,10
B,464093,259424,1203086,319368,0.17923112,10
C,474093,620000,0,327792,0.34584802,10
B,484093,279424,1303344,339378,0.17656203,10
C,494093,640000,0,347802,0.3520969,10
B,504093,299424,1403602,359388,0.174256,10
C,514093,660000,0,367812,0.35785922,10
B,524093,319424,1503860,379398,0.17224365,10
C,532036,680000,0,383702,0.3607232,10
C,542036,700000,0,383708,0.35406956,10
C,552036,720000,0,383714,0.34765708,10
C,562036,740000,0,383720,0.34147295,10
C,572036,760000,0,383726,0.3355052,10
C,582036,780000,0,383732,0.32974258,10
B,592036,319442,1604116,399150,0.17184682,10
C,602036,800000,0,403740,0.33540466,10
B,612036,339442,1704372,419158,0.17018382,10
C,622036,820000,0,423748,0.34070244,10
B,632036,359442,1804628,439166,0.16870004,10
C,642036,840000,0,443756,0.34567004,10
B,652036,379442,1904884,459174,0.16736796,10
C,662036,860000,0,463764,0.3503374,10
B,672036,399442,2005140,479182,0.16616547,10
C,679972,880000,0,479640,0.35276985,10
C,689972,900000,0,479646,0.34765875,10
C,699972,920000,0,479652,0.34269375,10
C,709972,940000,0,479658,0.3378687,10
C,719972,960000,0,479664,0.33317775,10
C,729972,980000,0,479670,0.32861537,10
B,739972,399460,2105396,498934,0.16610149,10
C,749972,1000000,0,499678,0.3331902,10
B,759972,419460,2205652,518942,0.16505505,10
C,769972,1020000,0,519686,0.33752728,10
B,779972,439460,2305908,538950,0.164098,10
C,789972,1040000,0,539694,0.34164464,10
B,799972,459460,2406164,558958,0.16321933,10
C,809972,1060000,0,559702,0.3455586,10
B,819972,479460,2506420,578966,0.16240983,10
C,827908,1080000,0,575578,0.34765986,10
C,837908,1100000,0,575584,0.34351248,10
C,847908,1120000,0,575590,0.33946297,10
C,857908,1140000,0,575596,0.3355079,10
C,867908,1160000,0,575602,0.331644,10
C,877908,1180000,0,575608,0.3278682,10
B,887908,479478,2606676,598718,0.16248,10
C,897908,1200000,0,595616,0.33170566,10
B,907908,499478,2706932,618726,0.16175269,10
C,917908,1220000,0,615624,0.33537588,10
B,927908,519478,2807188,638734,0.16107681,10
C,937908,1240000,0,635632,0.3388895,10
B,947908,539478,2907444,658742,0.16044714,10
C,957908,1260000,0,655640,0.34225637,10
B,967908,559478,3007700,678750,0.15985905,10
C,975841,1280000,0,671510,0.34409764,10
C,985841,1300000,0,671516,0.34060895,10
C,995841,1320000,0,671522,0.33719036,10
C,1005841,1340000,0,671528,0.33383974,10
C,1015841,1360000,0,671534,0.33055514,10
C,1025841,1380000,0,671540,0.32733458,10
B,1035841,559496,3107956,698502,0.1599884,10
C,1045841,1400000,0,691548,0.3306393,10
B,1055841,579496,3208212,718510,0.15944856,10
C,1065841,1420000,0,711556,0.33382,10
B,1075841,599496,3308468,738518,0.15894133,10
C,1085841,1440000,0,731564,0.33688346,10
B,1095841,619496,3408724,758526,0.1584638,10
C,1105841,1460000,0,751572,0.3398361,10
B,1115841,639496,3508980,778534,0.15801348,10
C,1123783,1480000,0,767460,0.34147882,10
C,1133783,1500000,0,767466,0.33846858,10
C,1143783,1520000,0,767472,0.335511,10
C,1153783,1540000,0,767478,0.33260468,10
C,1163783,1560000,0,767484,0.32974833,10
C,1173783,1580000,0,767490,0.3269407,10
B,1183783,639514,3609236,798286,0.15816927,10
C,1193783,1600000,0,787498,0.32984236,10
B,1203783,659514,3709492,818294,0.1577495,10
C,1213783,1620000,0,807506,0.3326484,10
B,1223783,679514,3809748,838302,0.15735184,10
C,1233783,1640000,0,827514,0.33536345,10
B,1243783,699514,3910004,858310,0.15697458,10
C,1253783,1660000,0,847522,0.33799186,10
B,1263783,719514,4010260,878318,0.1566162,10
C,1271725,1680000,0,863410,0.33946946,10
C,1281725,1700000,0,863416,0.33682242,10
C,1291725,1720000,0,863422,0.3342164,10
C,1301725,1740000,0,863428,0.33165044,10
C,1311725,1760000,0,863434,0.3291236,10
C,1321725,1780000,0,863440,0.326635,10
B,1331725,719532,4110516,898070,0.15678273,10
C,1341725,1800000,0,883448,0.32922122,10
B,1351725,739532,4210772,918078,0.15644483,10
C,1361725,1820000,0,903456,0.33173144,10
B,1371725,759532,4311028,938086,0.1561227,10
C,1381725,1840000,0,923464,0.334169,10
B,1391725,779532,4411284,958094,0.15581526,10
C,1401725,1860000,0,943472,0.33653697,10
B,1411725,799532,4511540,978102,0.15552154,10
C,1419661,1880000,0,959348,0.33787617,10
C,1429661,1900000,0,959354,0.33551425,10
C,1439661,1920000,0,959360,0.33318517,10
C,1449661,1940000,0,959366,0.3308882,10
C,1459661,1960000,0,959372,0.32862273,10
C,1469661,1980000,0,959378,0.3263881,10
B,1479661,799550,4611796,997854,0.15569088,10
C,1489661,2000000,0,979386,0.32872075,10
B,1499661,819550,4712052,1017862,0.1554115,10
C,1509661,2020000,0,999394,0.3309916,10
B,1519661,839550,4812308,1037870,0.15514383,10
C,1529661,2040000,0,1019402,0.33320302,10
B,1539661,859550,4912564,1057878,0.15488715,10
C,1549661,2060000,0,1039410,0.33535737,10
B,1559661,879550,5012820,1077886,0.15464081,10
C,1567603,2080000,0,1055298,0.33658618,10
C,1577603,2100000,0,1055304,0.334454,10
C,1587603,2120000,0,1055310,0.33234864,10
C,1597603,2140000,0,1055316,0.3302697,10
C,1607603,2160000,0,1055322,0.32821658,10
C,1617603,2180000,0,1055330,0.32618928,10
B,1627603,879568,5113076,1097638,0.15480879,10
C,1637603,2200000,0,1075338,0.3283136,10
B,1647603,899568,5213332,1117646,0.15457283,10
C,1657603,2220000,0,1095346,0.33038664,10
B,1667603,919568,5313588,1137654,0.15434586,10
C,1677603,2240000,0,1115354,0.33241025,10
B,1687603,939568,5413844,1157662,0.15412736,10
C,1697603,2260000,0,1135362,0.33438614,10
B,1707603,959568,5514100,1177670,0.15391687,10
C,1715540,2280000,0,1151240,0.3355172,10
C,1725540,2300000,0,1151246,0.33357403,10
C,1735540,2320000,0,1151252,0.33165324,10
C,1745540,2340000,0,1151258,0.3297545,10
C,1755540,2360000,0,1151264,0.32787737,10
C,1765540,2380000,0,1151270,0.32602152,10
B,1775540,959586,5614356,1197422,0.15408131,10
C,1785540,2400000,0,1171278,0.32797167,10
B,1795540,979586,5714612,1217430,0.15387857,10
C,1805540,2420000,0,1191286,0.3298786,10
B,1815540,999586,5814868,1237438,0.15368289,10
C,1825540,2440000,0,1211294,0.33174375,10
B,1835540,1019586,5915124,1257446,0.1534939,10
C,1845540,2460000,0,1231302,0.33356848,10
B,1855540,1039586,6015380,1277454,0.15331128,10
C,1863476,2480000,0,1247178,0.33461723,10
C,1873476,2500000,0,1247186,0.3328327,10
C,1883476,2520000,0,1247194,0.33106712,10
C,1893476,2540000,0,1247202,0.32932016,10
C,1903476,2560000,0,1247210,0.3275916,10
C,1913476,2580000,0,1247218,0.3258811,10
B,1923476,1039602,6115638,1297204,0.15347087,10
C,1933476,2600000,0,1267228,0.3276838,10
B,1943476,1059602,6215896,1317214,0.15329432,10
C,1953476,2620000,0,1287238,0.3294496,10
B,1963476,1079602,6316154,1337224,0.15312345,10
C,1973476,2640000,0,1307248,0.3311796,10
B,1983476,1099602,6416412,1357234,0.15295798,10
C,1993476,2660000,0,1327258,0.33287486,10
B,2003476,1119602,6516670,1377244,0.15279764,10
C,2011413,2680000,0,1343136,0.333853,10
C,2021413,2700000,0,1343142,0.33220252,10
C,2031413,2720000,0,1343148,0.3305683,10
C,2041413,2740000,0,1343154,0.3289501,10
C,2051413,2760000,0,1343160,0.3273477,10
C,2061413,2780000,0,1343166,0.32576084,10
B,2071413,1119620,6616926,1396996,0.15295227,10
C,2081413,2800000,0,1363174,0.32743624,10
B,2091413,1139620,6717182,1417004,0.15279639,10
C,2101413,2820000,0,1383182,0.32907972,10
B,2111413,1159620,6817438,1437012,0.15264514,10
C,2121413,2840000,0,1403190,0.33069223,10
B,2131413,1179620,6917694,1457020,0.15249833,10
C,2141413,2860000,0,1423198,0.33227462,10
B,2151413,1199620,7017950,1477028,0.15235578,10
C,2159356,2880000,0,1439088,0.33319256,10
C,2169356,2900000,0,1439094,0.3316577,10
C,2179356,2920000,0,1439100,0.33013695,10
C,2189356,2940000,0,1439106,0.3286301,10
C,2199356,2960000,0,1439112,0.32713693,10
C,2209356,2980000,0,1439118,0.32565728,10
B,2219356,1199638,7118206,1496780,0.15250508,10
C,2229356,3000000,0,1459126,0.3272224,10
B,2239356,1219638,7218462,1516788,0.15236616,10
C,2249356,3020000,0,1479134,0.3287597,10
B,2259356,1239638,7318718,1536796,0.1522311,10
C,2269356,3040000,0,1499142,0.3302699,10
B,2279356,1259638,7418974,1556804,0.15209973,10
C,2289356,3060000,0,1519150,0.3317537,10
B,2299356,1279638,7519230,1576812,0.15197192,10
C,2307306,3080000,0,1535054,0.33261886,10
C,2317306,3100000,0,1535060,0.3311845,10
C,2327306,3120000,0,1535066,0.32976246,10
C,2337306,3140000,0,1535072,0.3283526,10
C,2347306,3160000,0,1535078,0.32695475,10
C,2357306,3180000,0,1535084,0.32556874,10
B,2367306,1279656,7619486,1596564,0.15211593,10
C,2377306,3200000,0,1555092,0.32703722,10
B,2387306,1299656,7719742,1616572,0.15199102,10
C,2397306,3220000,0,1575100,0.32848117,10
B,2407306,1319656,7819998,1636580,0.15186939,10
C,2417306,3240000,0,1595108,0.32990122,10
B,2427306,1339656,7920254,1656588,0.15175086,10
C,2437306,3260000,0,1615116,0.33129796,10
B,2447306,1359656,8020510,1676596,0.15163535,10
C,2455244,3280000,0,1630996,0.33211103,10
C,2465244,3300000,0,1631002,0.33076483,10
C,2475244,3320000,0,1631008,0.32942948,10
C,2485244,3340000,0,1631014,0.32810488,10
C,2495244,3360000,0,1631020,0.32679093,10
C,2505244,3380000,0,1631026,0.32548743,10
B,2515244,1359674,8120766,1696348,0.1517742,10
C,2525244,3400000,0,1651034,0.3268705,10
B,2535244,1379674,8221022,1716356,0.15166105,10
C,2545244,3420000,0,1671042,0.3282318,10
B,2555244,1399674,8321278,1736364,0.15155068,10
C,2565244,3440000,0,1691050,0.32957193,10
B,2575244,1419674,8421534,1756372,0.15144297,10
C,2585244,3460000,0,1711058,0.33089128,10
B,2595244,1439674,8521790,1776380,0.15133785,10
C,2603187,3480000,0,1726948,0.33166224,10
C,2613187,3500000,0,1726954,0.33039394,10
C,2623187,3520000,0,1726960,0.32913536,10
C,2633187,3540000,0,1726966,0.3278863,10
C,2643187,3560000,0,1726972,0.32664672,10
C,2653187,3580000,0,1726980,0.3254167,10
B,2663187,1439692,8622046,1796132,0.15147172,10
C,2673187,3600000,0,1746988,0.32672375,10
B,2683187,1459692,8722302,1816140,0.15136854,10
C,2693187,3620000,0,1766996,0.3280114,10
B,2703187,1479692,8822558,1836148,0.15126774,10
C,2713187,3640000,0,1787004,0.32928002,10
B,2723187,1499692,8922814,1856156,0.15116924,10
C,2733187,3660000,0,1807012,0.3305301,10
B,2743187,1519692,9023070,1876164,0.15107296,10
C,2751131,3680000,0,1822904,0.33126217,10
C,2761131,3700000,0,1822912,0.33006355,10
C,2771131,3720000,0,1822920,0.3288736,10
C,2781131,3740000,0,1822928,0.32769218,10
C,2791131,3760000,0,1822936,0.32651925,10
C,2801131,3780000,0,1822944,0.32535467,10
B,2811131,1519710,9123328,1895914,0.15120195,10
C,2821131,3800000,0,1842952,0.3265936,10
B,2831131,1539710,9223586,1915922,0.15110727,10
C,2841131,3820000,0,1862960,0.3278151,10
B,2851131,1559710,9323844,1935930,0.15101466,10
C,2861131,3840000,0,1882968,0.3290195,10
B,2871131,1579710,9424102,1955938,0.15092406,10
C,2881131,3860000,0,1902976,0.33020717,10
B,2891131,1599710,9524360,1975946,0.1508354,10
C,2899075,3880000,0,1918868,0.3309039,10
C,2909075,3900000,0,1918876,0.32976747,10
C,2919075,3920000,0,1918884,0.32863882,10
C,2929075,3940000,0,1918892,0.3275179,10
C,2939075,3960000,0,1918900,0.3264046,10
C,2949075,3980000,0,1918908,0.32529885,10
B,2959075,1599728,9624618,1995696,0.15095988,10
C,2969075,4000000,0,1938916,0.32647642,10
B,2979075,1619728,9724876,2015704,0.15087257,10
C,2989075,4020000,0,1958924,0.3276382,10
B,2999075,1639728,9825134,2035712,0.15078707,10
C,3009075,4040000,0,1978932,0.32878458,10
B,3019075,1659728,9925392,2055720,0.15070333,10
C,3029075,4060000,0,1998940,0.3299158,10
B,3039075,1679728,10025650,2075728,0.1506213,10
C,3047013,4080000,0,2014820,0.33057907,10
C,3057013,4100000,0,2014826,0.3294985,10
C,3067013,4120000,0,2014832,0.32842496,10
C,3077013,4140000,0,2014838,0.32735842,10
C,3087013,4160000,0,2014844,0.32629877,10
C,3097013,4180000,0,2014850,0.32524598,10
B,3107013,1679746,10125906,2095480,0.15074168,10
C,3117013,4200000,0,2034858,0.32636797,10
B,3127013,1699746,10226162,2115488,0.1506608,10
C,3137013,4220000,0,2054866,0.32747567,10
B,3147013,1719746,10326418,2135496,0.15058152,10
C,3157013,4240000,0,2074874,0.32856935,10
B,3167013,1739746,10426674,2155504,0.1505038,10
C,3177013,4260000,0,2094882,0.32964924,10
B,3187013,1759746,10526930,2175512,0.15042758,10
C,3194957,4280000,0,2110774,0.33028457,10
C,3204957,4300000,0,2110780,0.32925478,10
C,3214957,4320000,0,2110786,0.32823142,10
C,3224957,4340000,0,2110792,0.3272144,10
C,3234957,4360000,0,2110798,0.32620367,10
C,3244957,4380000,0,2110804,0.32519916,10
B,3254957,1759764,10627186,2195264,0.15054394,10
C,3264957,4400000,0,2130812,0.3262706,10
B,3274957,1779764,10727442,2215272,0.15046869,10
C,3284957,4420000,0,2150820,0.327329,10
B,3294957,1799764,10827698,2235280,0.15039486,10
C,3304957,4440000,0,2170828,0.3283746,10
B,3314957,1819764,10927954,2255288,0.15032241,10
C,3324957,4460000,0,2190836,0.3294076,10
B,3334957,1839764,11028210,2275296,0.1502513,10
C,3342894,4480000,0,2206714,0.3300147,10
C,3352894,4500000,0,2206720,0.32903117,10
C,3362894,4520000,0,2206726,0.3280535,10
C,3372894,4540000,0,2206732,0.32708162,10
C,3382894,4560000,0,2206738,0.3261155,10
C,3392894,4580000,0,2206744,0.32515505,10
B,3402894,1839782,11128466,2295048,0.15036385,10
C,3412894,4600000,0,2226752,0.3261803,10
B,3422894,1859782,11228722,2315056,0.15029357,10
C,3432894,4620000,0,2246760,0.32719362,10
B,3442894,1879782,11328978,2335064,0.15022455,10
C,3452894,4640000,0,2266768,0.32819518,10
B,3462894,1899782,11429234,2355072,0.15015677,10
C,3472894,4660000,0,2286776,0.32918522,10
B,3482894,1919782,11529490,2375080,0.15009019,10
C,3490830,4680000,0,2302652,0.32976755,10
C,3500830,4700000,0,2302658,0.32882628,10
C,3510830,4720000,0,2302664,0.3278904,10
C,3520830,4740000,0,2302670,0.3269598,10
C,3530830,4760000,0,2302676,0.3260345,10
C,3540830,4780000,0,2302682,0.3251144,10
B,3550830,1919800,11629744,2394834,0.15019928,10
C,3560830,4800000,0,2322690,0.3260973,10
B,3570830,1939800,11729998,2414842,0.15013342,10
C,3580830,4820000,0,2342698,0.32706922,10
B,3590830,1959800,11830252,2434850,0.1500687,10
C,3600830,4840000,0,2362706,0.32803032,10
B,3610830,1979800,11930506,2454858,0.1500051,10
C,3620830,4860000,0,2382714,0.32898083,10
B,3630830,1999800,12030760,2474866,0.14994258,10
C,3638774,4880000,0,2398606,0.32954195,10
C,3648774,4900000,0,2398612,0.32863948,10
C,3658774,4920000,0,2398618,0.32774192,10
C,3668774,4940000,0,2398624,0.32684928,10
C,3678774,4960000,0,2398630,0.3259615,10
C,3688774,4980000,0,2398636,0.32507852,10
B,3698774,1999818,12131016,2494618,0.15004814,10
C,3708774,5000000,0,2418644,0.3260224,10
B,3718774,2019818,12231272,2514626,0.1499862,10
C,3728774,5020000,0,2438652,0.32695612,10
B,3738774,2039818,12331528,2534634,0.14992529,10
C,3748774,5040000,0,2458660,0.3278799,10
B,3758774,2059818,12431784,2554642,0.14986539,10
C,3768774,5060000,0,2478668,0.32879388,10
B,3778774,2079818,12532040,2574650,0.14980647,10
C,3786712,5080000,0,2494548,0.32933292,10
C,3796712,5100000,0,2494554,0.32846615,10
C,3806712,5120000,0,2494560,0.32760397,10
C,3816712,5140000,0,2494566,0.32674628,10
C,3826712,5160000,0,2494572,0.32589307,10
C,3836712,5180000,0,2494578,0.32504433,10
B,3846712,2079836,12632296,2594402,0.14990881,10
C,3856712,5200000,0,2514586,0.32595217,10
B,3866712,2099836,12732552,2614410,0.14985041,10
C,3876712,5220000,0,2534594,0.32685065,10
B,3886712,2119836,12832808,2634418,0.14979295,10
C,3896712,5240000,0,2554602,0.3277399,10
B,3906712,2139836,12933064,2654426,0.1497364,10
C,3916712,5260000,0,2574610,0.32862005,10
B,3926712,2159836,13033320,2674434,0.14968073,10
C,3934649,5280000,0,2590488,0.32913944,10
C,3944649,5300000,0,2590494,0.3283057,10
C,3954649,5320000,0,2590500,0.32747614,10
C,3964649,5340000,0,2590506,0.3266508,10
C,3974649,5360000,0,2590512,0.3258296,10
C,3984649,5380000,0,2590518,0.3250125,10
B,3994649,2159854,13133576,2694186,0.14978005,10
C,4004649,5400000,0,2610526,0.32588696,10
B,4014649,2179854,13233832,2714194,0.14972484,10
C,4024649,5420000,0,2630534,0.32675272,10
B,4034649,2199854,13334088,2734202,0.14967048,10
C,4044649,5440000,0,2650542,0.32760996,10
B,4054649,2219854,13434344,2754210,0.14961696,10
C,4064649,5460000,0,2670550,0.32845873,10
B,4074649,2239854,13534600,2774218,0.14956424,10
C,4082587,5480000,0,2686430,0.32896015,10
C,4092587,5500000,0,2686436,0.32815698,10
C,4102587,5520000,0,2686442,0.3273577,10
C,4112587,5540000,0,2686448,0.32656232,10
C,4122587,5560000,0,2686454,0.3257708,10
C,4132587,5580000,0,2686460,0.32498312,10
B,4142587,2239872,13634856,2793970,0.14966068,10
C,4152587,5600000,0,2706468,0.3258266,10
B,4162587,2259872,13735112,2813978,0.14960836,10
C,4172587,5620000,0,2726476,0.32666194,10
B,4182587,2279872,13835368,2833986,0.14955682,10
C,4192587,5640000,0,2746484,0.32748932,10
B,4202587,2299872,13935624,2853994,0.14950603,10
C,4212587,5660000,0,2766492,0.32830885,10
B,4222587,2319872,14035880,2874002,0.149456,10
C,4230525,5680000,0,2782372,0.3287934,10
C,4240525,5700000,0,2782378,0.32801864,10
C,4250525,5720000,0,2782384,0.3272475,10
C,4260525,5740000,0,2782390,0.32648,10
C,4270525,5760000,0,2782396,0.3257161,10
C,4280525,5780000,0,2782402,0.3249558,10
B,4290525,2319890,14136136,2893754,0.14954971,10
C,4300525,5800000,0,2802410,0.32577035,10
B,4310525,2339890,14236392,2913762,0.14950003,10
C,4320525,5820000,0,2822418,0.32657737,10
B,4330525,2359890,14336648,2933770,0.14945105,10
C,4340525,5840000,0,2842426,0.32737693,10
B,4350525,2379890,14436904,2953778,0.14940275,10
C,4360525,5860000,0,2862434,0.32816917,10
B,4370525,2399890,14537160,2973786,0.14935516,10
C,4378469,5880000,0,2878326,0.32863882,10
C,4388469,5900000,0,2878332,0.32789055,10
C,4398469,5920000,0,2878338,0.32714564,10
C,4408469,5940000,0,2878344,0.32640415,10
C,4418469,5960000,0,2878350,0.32566598,10
C,4428469,5980000,0,2878356,0.32493117,10
B,4438469,2399908,14637416,2993538,0.1494463,10
C,4448469,6000000,0,2898364,0.32571876,10
B,4458469,2419908,14737672,3013546,0.149399,10
C,4468469,6020000,0,2918372,0.32649928,10
B,4478469,2439908,14837928,3033554,0.14935236,10
C,4488469,6040000,0,2938380,0.32727286,10
B,4498469,2459908,14938184,3053562,0.14930636,10
C,4508469,6060000,0,2958388,0.32803956,10
B,4518469,2479908,15038440,3073570,0.14926098,10
C,4526413,6080000,0,2974280,0.32849437,10
C,4536413,6100000,0,2974286,0.3277708,10
C,4546413,6120000,0,2974292,0.32705042,10
C,4556413,6140000,0,2974298,0.3263332,10
C,4566413,6160000,0,2974304,0.32561913,10
C,4576413,6180000,0,2974310,0.32490817,10
B,4586413,2479926,15138696,3093322,0.14934967,10
C,4596413,6200000,0,2994318,0.32567048,10
B,4606413,2499926,15238952,3113330,0.14930457,10
C,4616413,6220000,0,3014326,0.3264262,10
B,4626413,2519926,15339208,3133338,0.14926007,10
C,4636413,6240000,0,3034334,0.3271754,10
B,4646413,2539926,15439464,3153346,0.14921618,10
C,4656413,6260000,0,3054342,0.32791817,10
B,4666413,2559926,15539720,3173354,0.14917284,10
C,4674357,6280000,0,3070234,0.32835907,10
C,4684357,6300000,0,3070240,0.32765862,10
C,4694357,6320000,0,3070246,0.3269612,10
C,4704357,6340000,0,3070252,0.3262667,10
C,4714357,6360000,0,3070258,0.32557517,10
C,4724357,6380000,0,3070264,0.3248866,10
B,4734357,2559944,15639976,3193106,0.14925921,10
C,4744357,6400000,0,3090272,0.32562524,10
B,4754357,2579944,15740232,3213114,0.14921612,10
C,4764357,6420000,0,3110280,0.32635766,10
B,4774357,2599944,15840488,3233122,0.1491736,10
C,4784357,6440000,0,3130288,0.327084,10
B,4794357,2619944,15940744,3253130,0.14913163,10
C,4804357,6460000,0,3150296,0.32780427,10
B,4814357,2639944,16041000,3273138,0.14909017,10
C,4822295,6480000,0,3166176,0.32823122,10
C,4832295,6500000,0,3166182,0.3275525,10
C,4842295,6520000,0,3166188,0.32687658,10
C,4852295,6540000,0,3166194,0.32620347,10
C,4862295,6560000,0,3166200,0.3255331,10
C,4872295,6580000,0,3166206,0.3248655,10
B,4882295,2639962,16141256,3292890,0.14917432,10
C,4892295,6600000,0,3186214,0.32558188,10
B,4902295,2659962,16241512,3312898,0.14913309,10
C,4912295,6620000,0,3206222,0.32629246,10
B,4922295,2679962,16341768,3332906,0.14909239,10
C,4932295,6640000,0,3226230,0.32699725,10
B,4942295,2699962,16442024,3352914,0.14905219,10
C,4952295,6660000,0,3246238,0.32769635,10
B,4962295,2719962,16542280,3372922,0.14901248,10
C,4970245,6680000,0,3262142,0.3281126,10
C,4980245,6700000,0,3262148,0.32745427,10
C,4990245,6720000,0,3262154,0.32679862,10
C,5000245,6740000,0,3262160,0.32614556,10
C,5010245,6760000,0,3262166,0.3254951,10
C,5020245,6780000,0,3262172,0.32484725,10
B,5030245,2719980,16642536,3392674,0.1490945,10
C,5040245,6800000,0,3282180,0.3255427,10
B,5050245,2739980,16742792,3412682,0.149055,10
C,5060245,6820000,0,3302188,0.32623264,10
B,5070245,2759980,16843048,3432690,0.14901598,10
C,5080245,6840000,0,3322196,0.32691714,10
B,5090245,2779980,16943304,3452698,0.14897741,10
C,5100245,6860000,0,3342204,0.32759628,10
B,5110245,2799980,17043560,3472706,0.14893933,10
C,5118183,6880000,0,3358082,0.32799914,10
C,5128182,6899998,0,3358090,0.3273602,10
C,5138182,6919998,0,3358098,0.32672375,10
C,5148182,6939998,0,3358106,0.32608974,10
C,5158182,6959998,0,3358114,0.3254582,10
C,5168183,6980000,0,3358120,0.3248289,10
B,5178182,2799998,17143816,3492458,0.14901935,10
C,5188182,6999998,0,3378130,0.32550475,10
B,5198182,2819998,17244072,3512468,0.1489815,10
C,5208182,7019998,0,3398140,0.32617536,10
B,5218182,2839998,17344328,3532478,0.1489441,10
C,5228182,7039998,0,3418150,0.32684085,10
B,5238182,2859998,17444584,3552488,0.14890714,10
C,5248182,7059998,0,3438160,0.32750127,10
B,5258182,2879998,17544840,3572498,0.1488706,10
C,5266126,7079998,0,3454052,0.32789403,10
C,5276126,7099998,0,3454058,0.32727304,10
C,5286126,7119998,0,3454064,0.3266544,10
C,5296126,7139998,0,3454070,0.32603812,10
C,5306126,7159998,0,3454076,0.32542413,10
C,5316126,7179998,0,3454082,0.3248125,10
B,5326126,2880016,17645096,3592250,0.14894871,10
C,5336126,7199998,0,3474090,0.3254695,10
B,5346126,2900016,17745352,3612258,0.14891227,10
C,5356126,7219998,0,3494098,0.3261216,10
B,5366126,2920016,17845608,3632266,0.14887623,10
C,5376126,7239998,0,3514106,0.32676885,10
B,5386126,2940016,17945864,3652274,0.14884062,10
C,5396126,7259998,0,3534114,0.32741126,10
B,5406126,2960016,18046120,3672282,0.14880541,10
C,5414064,7279998,0,3549994,0.32779285,10
C,5424064,7299998,0,3550000,0.327189,10
C,5434064,7319998,0,3550006,0.32658738,10
C,5444064,7339998,0,3550012,0.32598794,10
C,5454064,7359998,0,3550018,0.32539073,10
C,5464064,7379998,0,3550024,0.3247957,10
B,5474064,2960034,18146376,3692034,0.14888167,10
C,5484064,7399998,0,3570032,0.325435,10
B,5494064,2980034,18246632,3712042,0.14884661,10
C,5504064,7419998,0,3590040,0.3260697,10
B,5514064,3000034,18346888,3732050,0.14881192,10
C,5524064,7439998,0,3610048,0.32669982,10
B,5534064,3020034,18447144,3752058,0.14877762,10
C,5544064,7459998,0,3630056,0.32732537,10
B,5554064,3040034,18547400,3772066,0.1487437,10
C,5562002,7479998,0,3645936,0.32769707,10
C,5572002,7499998,0,3645942,0.32710943,10
C,5582002,7519998,0,3645948,0.32652387,10
C,5592002,7539998,0,3645954,0.32594043,10
C,5602002,7559998,0,3645960,0.32535908,10
C,5612002,7579998,0,3645966,0.32477978,10
B,5622002,3040052,18647656,3791818,0.14881822,10
C,5632002,7599998,0,3665974,0.32540238,10
B,5642002,3060052,18747912,3811826,0.14878443,10
C,5652002,7619998,0,3685982,0.32602057,10
B,5662002,3080052,18848168,3831834,0.148751,10
C,5672002,7639998,0,3705990,0.3266344,10
B,5682002,3100052,18948424,3851842,0.14871794,10
C,5692002,7659998,0,3725998,0.32724392,10
B,5702002,3120052,19048680,3871850,0.14868523,10
C,5709952,7679998,0,3741902,0.32760766,10
C,5719952,7699998,0,3741908,0.32703537,10
C,5729952,7719998,0,3741914,0.32646507,10
C,5739952,7739998,0,3741920,0.32589677,10
C,5749952,7759998,0,3741926,0.32533044,10
C,5759952,7779998,0,3741932,0.32476607,10
B,5769952,3120070,19148936,3891602,0.14875808,10
C,5779952,7799998,0,3761940,0.3253728,10
B,5789952,3140070,19249192,3911610,0.14872548,10
C,5799952,7819998,0,3781948,0.32597533,10
B,5809952,3160070,19349448,3931618,0.14869323,10
C,5819952,7839998,0,3801956,0.3265737,10
B,5829952,3180070,19449704,3951626,0.14866132,10
C,5839952,7859998,0,3821964,0.327168,10
B,5849952,3200070,19549960,3971634,0.14862974,10
C,5857896,7879998,0,3837856,0.3275221,10
C,5867896,7899998,0,3837862,0.32696438,10
C,5877896,7919998,0,3837868,0.32640857,10
C,5887896,7939998,0,3837874,0.32585463,10
C,5897896,7959998,0,3837880,0.32530257,10
C,5907896,7979998,0,3837886,0.3247524,10
B,5917896,3200088,19650216,3991386,0.148701,10
C,5927896,7999998,0,3857894,0.325344,10
B,5937896,3220088,19750472,4011394,0.14866951,10
C,5947896,8019998,0,3877902,0.32593164,10
B,5957896,3240088,19850728,4031402,0.14863835,10
C,5967896,8039998,0,3897910,0.32651535,10
B,5977896,3260088,19950984,4051410,0.14860752,10
C,5987896,8059998,0,3917918,0.32709512,10
B,5997896,3280088,20051240,4071418,0.148577,10
C,6005831,8079998,0,3933792,0.32743973,10
C,6015831,8099998,0,3933798,0.32689586,10
C,6025831,8119998,0,3933804,0.3263538,10
C,6035831,8139998,0,3933810,0.32581353,10
C,6045831,8159998,0,3933816,0.32527506,10
C,6055831,8179998,0,3933822,0.32473835,10
B,6065831,3280106,20151496,4091170,0.14864673,10
C,6075831,8199998,0,3953830,0.32531562,10
B,6085831,3300106,20251752,4111178,0.1486163,10
C,6095831,8219998,0,3973838,0.32588908,10
B,6105831,3320106,20352008,4131186,0.14858617,10
C,6115831,8239998,0,3993846,0.3264588,10
B,6125831,3340106,20452264,4151194,0.14855635,10
C,6135831,8259998,0,4013854,0.3270248,10
B,6145831,3360106,20552520,4171202,0.14852683,10
C,6153769,8279998,0,4029734,0.32736164,10
C,6163769,8299998,0,4029740,0.32683095,10
C,6173769,8319998,0,4029746,0.326302,10
C,6183769,8339998,0,4029752,0.32577473,10
C,6193769,8359998,0,4029758,0.3252492,10
C,6203769,8379998,0,4029764,0.32472533,10
B,6213769,3360124,20652776,4190954,0.14859508,10
C,6223769,8399998,0,4049772,0.3252889,10
B,6233769,3380124,20753032,4210962,0.14856564,10
C,6243769,8419998,0,4069780,0.32584888,10
B,6253769,3400124,20853288,4230970,0.14853649,10
C,6263769,8439998,0,4089788,0.32640526,10
B,6273769,3420124,20953544,4250978,0.14850762,10
C,6283769,8459998,0,4109796,0.3269581,10
B,6293769,3440124,21053800,4270986,0.14847903,10
C,6301713,8479998,0,4125688,0.32728785,10
C,6311713,8499998,0,4125694,0.32676974,10
C,6321713,8519998,0,4125700,0.32625324,10
C,6331713,8539998,0,4125706,0.3257384,10
C,6341713,8559998,0,4125712,0.32522514,10
C,6351713,8579998,0,4125718,0.32471353,10
B,6361713,3440142,21154056,4290738,0.14854588,10
C,6371713,8599998,0,4145726,0.32526407,10
B,6381713,3460142,21254312,4310746,0.14851736,10
C,6391713,8619998,0,4165734,0.32581115,10
B,6401713,3480142,21354568,4330754,0.14848912,10
C,6411713,8639998,0,4185742,0.3263548,10
B,6421713,3500142,21454824,4350762,0.14846115,10
C,6431713,8659998,0,4205750,0.3268951,10
B,6441713,3520142,21555080,4370770,0.14843345,10
C,6449651,8679998,0,4221630,0.32721683,10
C,6459651,8699998,0,4221636,0.3267107,10
C,6469651,8719998,0,4221642,0.32620612,10
C,6479651,8739998,0,4221648,0.32570308,10
C,6489651,8759998,0,4221654,0.3252016,10
C,6499651,8779998,0,4221660,0.32470167,10
B,6509651,3520160,21655336,4390522,0.14849892,10
C,6519651,8799998,0,4241668,0.32523975,10
B,6529651,3540160,21755592,4410530,0.1484713,10
C,6539651,8819998,0,4261676,0.32577452,10
B,6549651,3560160,21855848,4430538,0.14844391,10
C,6559651,8839998,0,4281684,0.32630605,10
B,6569651,3580160,21956104,4450546,0.14841679,10
C,6579651,8859998,0,4301692,0.32683432,10
B,6589651,3600160,22056360,4470554,0.14838992,10
C,6597589,8879998,0,4317572,0.327149,10
C,6607589,8899998,0,4317578,0.3266543,10
C,6617589,8919998,0,4317584,0.3261611,10
C,6627589,8939998,0,4317590,0.32566935,10
C,6637589,8959998,0,4317596,0.3251791,10
C,6647589,8979998,0,4317602,0.3246903,10
B,6657589,3600178,22156616,4490306,0.1484541,10
C,6667589,8999998,0,4337610,0.32521647,10
B,6677589,3620178,22256872,4510314,0.1484273,10
C,6687589,9019998,0,4357618,0.3257395,10
B,6697589,3640178,22357128,4530322,0.14840072,10
C,6707589,9039998,0,4377626,0.3262594,10
B,6717589,3660178,22457384,4550330,0.1483744,10
C,6727589,9059998,0,4397634,0.3267762,10
B,6737589,3680178,22557640,4570338,0.14834832,10
C,6745526,9079998,0,4413512,0.32708406,10
C,6755526,9099998,0,4413518,0.32660028,10
C,6765526,9119998,0,4413524,0.3261179,10
C,6775526,9139998,0,4413530,0.32563698,10
C,6785526,9159998,0,4413536,0.32515746,10
C,6795526,9179998,0,4413542,0.32467937,10
B,6805526,3680196,22657896,4590090,0.14841124,10
C,6815526,9199998,0,4433550,0.32519415,10
B,6825526,3700196,22758152,4610098,0.14838521,10
C,6835526,9219998,0,4453558,0.32570592,10
B,6845526,3720196,22858408,4630106,0.14835942,10
C,6855526,9239998,0,4473566,0.3262147,10
B,6865526,3740196,22958664,4650114,0.14833385,10
C,6875526,9259998,0,4493574,0.3267205,10
B,6885526,3760196,23058920,4670122,0.14830852,10
C,6893470,9279998,0,4509466,0.32702258,10
C,6903470,9299998,0,4509472,0.32654923,10
C,6913470,9319998,0,4509478,0.32607728,10
C,6923470,9339998,0,4509484,0.3256067,10
C,6933470,9359998,0,4509490,0.32513747,10
C,6943470,9379998,0,4509496,0.32466957,10
B,6953470,3760214,23159176,4689874,0.14837024,10
C,6963470,9399998,0,4529504,0.32517344,10
B,6973470,3780214,23259432,4709882,0.14834495,10
C,6983470,9419998,0,4549512,0.3256744,10
B,6993470,3800214,23359688,4729890,0.14831987,10
C,7003470,9439998,0,4569520,0.32617253,10
B,7013470,3820214,23459944,4749898,0.14829503,10
C,7023470,9459998,0,4589528,0.32666782,10
B,7033470,3840214,23560200,4769906,0.1482704,10
C,7041414,9479998,0,4605418,0.32696357,10
C,7051413,9499996,0,4605426,0.32650042,10
C,7061413,9519996,0,4605434,0.3260385,10
C,7071413,9539996,0,4605442,0.3255779,10
C,7081413,9559996,0,4605450,0.3251186,10
C,7091414,9579998,0,4605456,0.32466045,10
B,7101413,3840232,23660456,4789658,0.14833096,10
C,7111413,9599996,0,4625466,0.325154,10
B,7121413,3860232,23760712,4809668,0.14830641,10
C,7131413,9619996,0,4645476,0.32564473,10
B,7141413,3880232,23860968,4829678,0.1482821,10
C,7151413,9639996,0,4665486,0.32613274,10
B,7161413,3900232,23961224,4849688,0.14825797,10
C,7171413,9659996,0,4685496,0.32661802,10
B,7181413,3920232,24061480,4869698,0.14823407,10
C,7189358,9679996,0,4701390,0.326908,10
C,7199358,9699996,0,4701396,0.32645428,10
C,7209358,9719996,0,4701402,0.32600182,10
C,7219358,9739996,0,4701408,0.32555062,10
C,7229358,9759996,0,4701414,0.32510066,10
C,7239358,9779996,0,4701420,0.32465196,10
B,7249358,3920250,24161736,4889450,0.14829351,10
C,7259358,9799996,0,4721428,0.32513532,10
B,7269358,3940250,24261992,4909458,0.14826958,10
C,7279358,9819996,0,4741436,0.32561606,10
B,7289358,3960250,24362248,4929466,0.14824586,10
C,7299358,9839996,0,4761444,0.32609415,10
B,7309358,3980250,24462504,4949474,0.14822234,10
C,7319358,9859996,0,4781452,0.32656962,10
B,7329358,4000250,24562760,4969482,0.148199,10
C,7337296,9879996,0,4797332,0.32685322,10
C,7347296,9899996,0,4797338,0.3264087,10
C,7357296,9919996,0,4797344,0.32596543,10
C,7367296,9939996,0,4797350,0.32552335,10
C,7377296,9959996,0,4797356,0.32508245,10
C,7387296,9979996,0,4797362,0.32464275,10
B,7397296,4000268,24663016,4989234,0.14825736,10
C,7407296,9999996,0,4817370,0.3251165,10
B,7417296,4020268,24763272,5009242,0.14823407,10
C,7427296,10019996,0,4837378,0.3255877,10
B,7437296,4040268,24863528,5029250,0.14821097,10
C,7447296,10039996,0,4857386,0.32605636,10
B,7457296,4060268,24963784,5049258,0.14818805,10
C,7467296,10059996,0,4877394,0.3265225,10
B,7477296,4080268,25064040,5069266,0.14816533,10
C,7485233,10079996,0,4893272,0.32680053,10
C,7495233,10099996,0,4893278,0.32636487,10
C,7505233,10119996,0,4893284,0.3259304,10
C,7515233,10139996,0,4893290,0.32549703,10
C,7525233,10159996,0,4893296,0.32506484,10
C,7535233,10179996,0,4893302,0.3246338,10
B,7545233,4080286,25164296,5089018,0.14822267,10
C,7555233,10199996,0,4913310,0.3250983,10
B,7565233,4100286,25264552,5109026,0.14819998,10
C,7575233,10219996,0,4933318,0.32556033,10
B,7585233,4120286,25364808,5129034,0.14817747,10
C,7595233,10239996,0,4953326,0.32601994,10
B,7605233,4140286,25465064,5149042,0.14815515,10
C,7615233,10259996,0,4973334,0.32647714,10
B,7625233,4160286,25565320,5169050,0.148133,10
C,7633182,10279996,0,4989236,0.32675093,10
C,7643182,10299996,0,4989244,0.32632387,10
C,7653182,10319996,0,4989252,0.3258979,10
C,7663182,10339996,0,4989260,0.32547307,10
C,7673182,10359996,0,4989268,0.32504934,10
C,7683182,10379996,0,4989276,0.32462668,10
B,7693182,4160304,25665578,5188800,0.14818928,10
C,7703182,10399996,0,5009286,0.32508236,10
B,7713182,4180304,25765836,5208810,0.14816718,10
C,7723182,10419996,0,5029296,0.32553568,10
B,7733182,4200304,25866094,5228820,0.14814529,10
C,7743182,10439996,0,5049306,0.32598668,10
B,7753182,4220304,25966352,5248830,0.14812355,10
C,7763182,10459996,0,5069316,0.32643533,10
B,7773182,4240304,26066610,5268840,0.148102,10
C,7781125,10479996,0,5085206,0.3267035,10
C,7791125,10499996,0,5085212,0.3262845,10
C,7801125,10519996,0,5085218,0.3258666,10
C,7811125,10539996,0,5085224,0.32544976,10
C,7821125,10559996,0,5085230,0.32503396,10
C,7831125,10579996,0,5085236,0.32461926,10
B,7841125,4240322,26166866,5288592,0.14815734,10
C,7851125,10599996,0,5105244,0.3250663,10
B,7861125,4260322,26267122,5308600,0.14813577,10
C,7871125,10619996,0,5125252,0.32551104,10
B,7881125,4280322,26367378,5328608,0.14811437,10
C,7891125,10639996,0,5145260,0.32595354,10
B,7901125,4300322,26467634,5348616,0.14809312,10
C,7911125,10659996,0,5165268,0.32639378,10
B,7921125,4320322,26567890,5368624,0.14807205,10
C,7929074,10679996,0,5181170,0.32665756,10
C,7939074,10699996,0,5181176,0.32624644,10
C,7949074,10719996,0,5181182,0.32583636,10
C,7959074,10739996,0,5181188,0.3254273,10
C,7969074,10759996,0,5181194,0.32501927,10
C,7979074,10779996,0,5181200,0.32461226,10
B,7989074,4320340,26668146,5388376,0.14812645,10
C,7999074,10799996,0,5201208,0.32505104,10
B,8009074,4340340,26768402,5408384,0.1481054,10
C,8019074,10819996,0,5221216,0.3254876,10
B,8029074,4360340,26868658,5428392,0.1480845,10
C,8039074,10839996,0,5241224,0.32592204,10
B,8049074,4380340,26968914,5448400,0.14806378,10
C,8059074,10859996,0,5261232,0.3263543,10
B,8069074,4400340,27069170,5468408,0.1480432,10
C,8077010,10879996,0,5277108,0.32661223,10
C,8087010,10899996,0,5277116,0.32620877,10
C,8097010,10919996,0,5277124,0.32580632,10
C,8107010,10939996,0,5277132,0.32540485,10
C,8117010,10959996,0,5277140,0.32500437,10
C,8127010,10979996,0,5277148,0.32460487,10
B,8137010,4400358,27169428,5488158,0.14809667,10
C,8147010,10999996,0,5297158,0.32503578,10
B,8157010,4420358,27269686,5508168,0.14807615,10
C,8167010,11019996,0,5317168,0.32546458,10
B,8177010,4440358,27369944,5528178,0.14805579,10
C,8187010,11039996,0,5337178,0.32589126,10
B,8197010,4460358,27470202,5548188,0.14803557,10
C,8207010,11059996,0,5357188,0.32631588,10
B,8217010,4480358,27570460,5568198,0.14801551,10
C,8224953,11079996,0,5373078,0.32656986,10
C,8234953,11099996,0,5373084,0.3261736,10
C,8244953,11119996,0,5373090,0.32577834,10
C,8254953,11139996,0,5373096,0.325384,10
C,8264953,11159996,0,5373102,0.32499063,10
C,8274953,11179996,0,5373108,0.32459822,10
B,8284953,4480376,27670716,5587950,0.14806816,10
C,8294953,11199996,0,5393116,0.32502136,10
B,8304953,4500376,27770972,5607958,0.14804807,10
C,8314953,11219996,0,5413124,0.3254425,10
B,8324953,4520376,27871228,5627966,0.14802814,10
C,8334953,11239996,0,5433132,0.3258616,10
B,8344953,4540376,27971484,5647974,0.14800836,10
C,8354953,11259996,0,5453140,0.3262787,10
B,8364953,4560376,28071740,5667982,0.14798872,10
C,8372889,11279996,0,5469016,0.32652768,10
C,8382889,11299996,0,5469022,0.32613847,10
C,8392889,11319996,0,5469028,0.3257502,10
C,8402889,11339996,0,5469034,0.32536286,10
C,8412889,11359996,0,5469040,0.3249764,10
C,8422889,11379996,0,5469046,0.32459092,10
B,8432889,4560394,28171996,5687734,0.1480405,10
C,8442889,11399996,0,5489054,0.32500666,10
B,8452889,4580394,28272252,5707742,0.14802088,10
C,8462889,11419996,0,5509062,0.32542047,10
B,8472889,4600394,28372508,5727750,0.1480014,10
C,8482889,11439996,0,5529070,0.3258323,10
B,8492889,4620394,28472764,5747758,0.14798206,10
C,8502889,11459996,0,5549078,0.3262422,10
B,8512889,4640394,28573020,5767766,0.14796285,10
C,8520823,11479996,0,5564950,0.3264868,10
C,8530823,11499996,0,5564956,0.3261044,10
C,8540823,11519996,0,5564962,0.3257229,10
C,8550823,11539996,0,5564968,0.32534227,10
C,8560823,11559996,0,5564974,0.32496256,10
C,8570823,11579996,0,5564980,0.3245837,10
B,8580823,4640412,28673276,5787518,0.1480138,10
C,8590823,11599996,0,5584988,0.32499233,10
B,8600823,4660412,28773532,5807526,0.14799462,10
C,8610823,11619996,0,5604996,0.32539904,10
B,8620823,4680412,28873788,5827534,0.14797556,10
C,8630823,11639996,0,5625004,0.32580388,10
B,8640823,4700412,28974044,5847542,0.14795664,10
C,8650823,11659996,0,5645012,0.32620683,10
B,8660823,4720412,29074300,5867550,0.14793786,10
C,8668759,11679996,0,5660888,0.3264475,10
C,8678759,11699996,0,5660894,0.32607165,10
C,8688759,11719996,0,5660900,0.32569668,10
C,8698759,11739996,0,5660906,0.32532257,10
C,8708759,11759996,0,5660912,0.3249493,10
C,8718759,11779996,0,5660918,0.3245769,10
B,8728759,4720430,29174556,5887302,0.14798802,10
C,8738759,11799996,0,5680926,0.32497862,10
B,8748759,4740430,29274812,5907310,0.14796925,10
C,8758759,11819996,0,5700934,0.3253785,10
B,8768759,4760430,29375068,5927318,0.1479506,10
C,8778759,11839996,0,5720942,0.32577655,10
B,8788759,4780430,29475324,5947326,0.1479321,10
C,8798759,11859996,0,5740950,0.3261728,10
B,8808759,4800430,29575580,5967334,0.14791372,10
C,8816702,11879996,0,5756840,0.32641003,10
C,8826702,11899996,0,5756846,0.32604054,10
C,8836702,11919996,0,5756852,0.32567185,10
C,8846702,11939996,0,5756858,0.32530403,10
C,8856702,11959996,0,5756864,0.32493705,10
C,8866702,11979996,0,5756870,0.32457086,10
B,8876702,4800448,29675836,5987086,0.14796312,10
C,8886702,11999996,0,5776878,0.3249659,10
B,8896702,4820448,29776092,6007094,0.14794475,10
C,8906702,12019996,0,5796886,0.32535917,10
B,8916702,4840448,29876348,6027102,0.1479265,10
C,8926702,12039996,0,5816894,0.32575068,10
B,8936702,4860448,29976604,6047110,0.14790839,10
C,8946702,12059996,0,5836902,0.32614043,10
B,8956702,4880448,30076860,6067118,0.14789039,10
C,8964644,12079996,0,5852790,0.32637373,10
C,8974644,12099996,0,5852796,0.32601035,10
C,8984644,12119996,0,5852802,0.3256478,10
C,8994644,12139996,0,5852808,0.32528603,10
C,9004644,12159996,0,5852814,0.3249251,10
C,9014644,12179996,0,5852822,0.32456502,10
B,9024644,4880466,30177116,6086870,0.14793904,10
C,9034644,12199996,0,5872830,0.32495362,10
B,9044644,4900466,30277372,6106878,0.14792106,10
C,9054644,12219996,0,5892838,0.32534048,10
B,9064644,4920466,30377628,6126886,0.14790319,10
C,9074644,12239996,0,5912846,0.32572564,10
B,9084644,4940466,30477884,6146894,0.14788544,10
C,9094644,12259996,0,5932854,0.3261091,10
B,9104644,4960466,30578140,6166902,0.14786781,10
C,9112587,12279996,0,5948744,0.32633874,10
C,9122587,12299996,0,5948750,0.3259813,10
C,9132587,12319996,0,5948756,0.32562464,10
C,9142587,12339996,0,5948762,0.32526878,10
C,9152587,12359996,0,5948768,0.32491368,10
C,9162587,12379996,0,5948774,0.32455936,10
B,9172587,4960484,30678396,6186654,0.14791572,10
C,9182587,12399996,0,5968782,0.3249417,10
B,9192587,4980484,30778652,6206662,0.14789811,10
C,9202587,12419996,0,5988790,0.3253224,10
B,9212587,5000484,30878908,6226670,0.14788061,10
C,9222587,12439996,0,6008798,0.3257014,10
B,9232587,5020484,30979164,6246678,0.14786324,10
C,9242587,12459996,0,6028806,0.32607877,10
B,9252587,5040484,31079420,6266686,0.14784597,10
C,9260523,12479996,0,6044682,0.3263043,10
C,9270523,12499996,0,6044688,0.3259526,10
C,9280523,12519996,0,6044694,0.32560167,10
C,9290523,12539996,0,6044700,0.3252515,10
C,9300523,12559996,0,6044706,0.32490206,10
C,9310523,12579996,0,6044712,0.32455337,10
B,9320523,5040502,31179676,6286438,0.14789316,10
C,9330523,12599996,0,6064720,0.32492965,10
B,9340523,5060502,31279932,6306446,0.1478759,10
C,9350523,12619996,0,6084728,0.32530436,10
B,9360523,5080502,31380188,6326454,0.14785875,10
C,9370523,12639996,0,6104736,0.32567742,10
B,9380523,5100502,31480444,6346462,0.14784172,10
C,9390523,12659996,0,6124744,0.3260489,10
B,9400523,5120502,31580700,6366470,0.1478248,10
C,9408459,12679996,0,6140620,0.32627094,10
C,9418459,12699996,0,6140626,0.3259248,10
C,9428459,12719996,0,6140632,0.3255794,10
C,9438459,12739996,0,6140638,0.32523474,10
C,9448459,12759996,0,6140644,0.3248908,10
C,9458459,12779996,0,6140650,0.3245476,10
B,9468459,5120520,31680956,6386222,0.14787133,10
C,9478459,12799996,0,6160658,0.324918,10
B,9488459,5140520,31781212,6406230,0.14785442,10
C,9498459,12819996,0,6180666,0.32528687,10
B,9508459,5160520,31881468,6426238,0.14783761,10
C,9518459,12839996,0,6200674,0.32565418,10
B,9528459,5180520,31981724,6446246,0.1478209,10
C,9538459,12859996,0,6220682,0.32601997,10
B,9548459,5200520,32081980,6466254,0.1478043,10
C,9556401,12879996,0,6236570,0.32623902,10
C,9566401,12899996,0,6236576,0.3258983,10
C,9576401,12919996,0,6236582,0.32555825,10
C,9586401,12939996,0,6236588,0.32521892,10
C,9596401,12959996,0,6236594,0.3248803,10
C,9606401,12979996,0,6236600,0.3245424,10
B,9616401,5200538,32182236,6486006,0.14785017,10
C,9626401,12999996,0,6256608,0.32490712,10
B,9636401,5220538,32282492,6506014,0.14783359,10
C,9646401,13019996,0,6276616,0.32527035,10
B,9656401,5240538,32382748,6526022,0.1478171,10
C,9666401,13039996,0,6296624,0.3256321,10
B,9676401,5260538,32483004,6546030,0.14780071,10
C,9686401,13059996,0,6316632,0.32599232,10
B,9696401,5280538,32583260,6566038,0.14778444,10
C,9704337,13079996,0,6332508,0.3262077,10
C,9714337,13099996,0,6332514,0.32587215,10
C,9724337,13119996,0,6332520,0.32553732,10
C,9734337,13139996,0,6332526,0.32520318,10
C,9744337,13159996,0,6332532,0.32486972,10
C,9754337,13179996,0,6332538,0.32453695,10
B,9764337,5280556,32683516,6585790,0.14782965,10
C,9774337,13199996,0,6352546,0.32489616,10
B,9784337,5300556,32783772,6605798,0.14781338,10
C,9794337,13219996,0,6372554,0.32525393,10
B,9804337,5320556,32884028,6625806,0.1477972,10
C,9814337,13239996,0,6392562,0.32561025,10
B,9824337,5340556,32984284,6645814,0.14778113,10
C,9834337,13259996,0,6412570,0.3259651,10
B,9844337,5360556,33084540,6665822,0.14776516,10
C,9852292,13279996,0,6428484,0.32617858,10
C,9862292,13299996,0,6428490,0.3258481,10
